Player,Squad,Comp,Pos,primary_pos,Age,nineties,Fls,CrdY,CrdR,fouls_per90,card_rate_per90
Érik Lamela,Sevilla,La Liga,FWMF,FW,30,13.5,3.56,0.52,0.07,3.56,0.66
Gavi,Barcelona,La Liga,MFFW,MF,18,14.1,3.4,0.28,0.0,3.4,0.28
Óscar Trejo,Rayo Vallecano,La Liga,MFFW,MF,34,13.4,3.21,0.6,0.0,3.21,0.6
Alex Baena,Villarreal,La Liga,MFFW,MF,21,11.5,3.13,0.87,0.09,3.13,1.05
Óscar Valentín,Rayo Vallecano,La Liga,MF,MF,28,13.6,3.01,0.44,0.0,3.01,0.44
Mounaim El Idrissy,Ajaccio,Ligue 1,FW,FW,24,17.7,2.82,0.4,0.0,2.82,0.4
Fede San Emeterio,Cádiz,La Liga,MF,MF,25,10.8,2.78,0.46,0.0,2.78,0.46
Grejohn Kyei,Clermont Foot,Ligue 1,FW,FW,27,12.0,2.75,0.17,0.0,2.75,0.17
Mikel Merino,Real Sociedad,La Liga,MF,MF,26,14.3,2.73,0.28,0.0,2.73,0.28
Yeremi Pino,Villarreal,La Liga,MFFW,MF,20,12.4,2.66,0.24,0.0,2.66,0.24
Pathé Ciss,Rayo Vallecano,La Liga,MFDF,MF,28,10.2,2.65,0.39,0.0,2.65,0.39
Bonke Innocent,Lorient,Ligue 1,MF,MF,27,10.2,2.65,0.39,0.0,2.65,0.39
Brian Ocampo,Cádiz,La Liga,MFFW,MF,23,11.8,2.63,0.17,0.0,2.63,0.17
Vinicius Souza,Espanyol,La Liga,MF,MF,23,17.0,2.59,0.41,0.06,2.59,0.53
Christian Groß,Werder Bremen,Bundesliga,MF,MF,34,13.3,2.56,0.08,0.0,2.56,0.08
Lorenzo Colombo,Lecce,Serie A,FW,FW,20,11.0,2.55,0.36,0.0,2.55,0.36
Giorgio Scalvini,Atalanta,Serie A,DF,DF,19,13.7,2.55,0.36,0.0,2.55,0.36
Anthony Lozano,Cádiz,La Liga,FW,FW,29,12.7,2.52,0.24,0.0,2.52,0.24
Salis Abdul Samed,Lens,Ligue 1,MF,MF,22,20.0,2.45,0.15,0.0,2.45,0.15
Samu Costa,Almería,La Liga,MF,MF,22,12.7,2.44,0.24,0.0,2.44,0.24
Samu Castillejo,Valencia,La Liga,FW,FW,28,10.7,2.43,0.47,0.0,2.43,0.47
Jørgen Strand Larsen,Celta Vigo,La Liga,FW,FW,23,11.1,2.43,0.27,0.0,2.43,0.27
Alessandro Buongiorno,Torino,Serie A,DF,DF,23,15.7,2.42,0.38,0.0,2.42,0.38
Carles Aleñá,Getafe,La Liga,MF,MF,25,16.2,2.41,0.49,0.0,2.41,0.49
Mostafa Mohamed,Nantes,Ligue 1,FW,FW,25,13.4,2.39,0.0,0.0,2.39,0.0
Ryan Yates,Nott'ham Forest,Premier League,MF,MF,25,15.5,2.39,0.26,0.0,2.39,0.26
Evann Guessand,Nantes,Ligue 1,FWMF,FW,21,10.5,2.38,0.19,0.0,2.38,0.19
Thomas Henry,Hellas Verona,Serie A,FW,FW,28,11.4,2.37,0.35,0.0,2.37,0.35
Brais Méndez,Real Sociedad,La Liga,MF,MF,26,16.1,2.36,0.31,0.0,2.36,0.31
Roque Mesa,Valladolid,La Liga,MF,MF,33,11.9,2.35,0.42,0.0,2.35,0.42
M'Baye Niang,Auxerre,Ligue 1,FW,FW,28,11.5,2.35,0.17,0.17,2.35,0.51
Iddrisu Baba,Mallorca,La Liga,MF,MF,27,11.1,2.34,0.36,0.0,2.34,0.36
Kai Havertz,Chelsea,Premier League,FWMF,FW,23,17.7,2.32,0.17,0.0,2.32,0.17
Lucas Boyé,Elche,La Liga,FW,FW,26,13.5,2.3,0.22,0.07,2.3,0.36
Breel Embolo,Monaco,Ligue 1,FW,FW,25,17.1,2.28,0.12,0.0,2.28,0.12
Batista Mendy,Angers,Ligue 1,MFDF,MF,23,18.0,2.28,0.44,0.06,2.28,0.56
Mohamed Camara,Monaco,Ligue 1,MF,MF,23,15.4,2.27,0.26,0.06,2.27,0.38
Casemiro,Manchester Utd,Premier League,MF,MF,30,13.7,2.26,0.36,0.07,2.26,0.5
Federico Ceccherini,Hellas Verona,Serie A,DF,DF,30,11.5,2.26,0.61,0.09,2.26,0.79
Christoph Baumgartner,Hoffenheim,Bundesliga,MFFW,MF,23,17.8,2.25,0.22,0.0,2.25,0.22
Lucas Paquetá,West Ham,Premier League,MF,MF,25,12.0,2.25,0.25,0.0,2.25,0.25
Abdelhamid Sabiri,Sampdoria,Serie A,MFFW,MF,26,10.2,2.25,0.39,0.0,2.25,0.39
Hugo Mallo,Celta Vigo,La Liga,DF,DF,31,13.4,2.24,0.22,0.0,2.24,0.22
Isak Hien,Hellas Verona,Serie A,DF,DF,24,15.8,2.22,0.44,0.0,2.22,0.44
El Bilal Touré,Almería,La Liga,FW,FW,21,10.4,2.21,0.0,0.0,2.21,0.0
Rubén Sobrino,Cádiz,La Liga,FWMF,FW,30,13.1,2.21,0.38,0.0,2.21,0.38
Téji Savanier,Montpellier,Ligue 1,MF,MF,31,17.3,2.2,0.17,0.06,2.2,0.29
Simone Bastoni,Spezia,Serie A,MFDF,MF,26,10.5,2.19,0.38,0.0,2.19,0.38
Brecht Dejaegere,Toulouse,Ligue 1,MF,MF,31,13.3,2.18,0.38,0.0,2.18,0.38
Sofyan Amrabat,Fiorentina,Serie A,MF,MF,26,12.9,2.17,0.62,0.0,2.17,0.62
Karol Linetty,Torino,Serie A,MF,MF,28,13.8,2.17,0.43,0.0,2.17,0.43
Nicolás Domínguez,Bologna,Serie A,MF,MF,24,14.8,2.16,0.41,0.0,2.16,0.41
Monchu,Valladolid,La Liga,MF,MF,23,11.1,2.16,0.45,0.0,2.16,0.45
M'Bala Nzola,Spezia,Serie A,FW,FW,26,17.7,2.15,0.23,0.0,2.15,0.23
Iñigo Ruiz de Galarreta,Mallorca,La Liga,MF,MF,29,14.5,2.14,0.41,0.0,2.14,0.41
Stefan Bell,Mainz 05,Bundesliga,DF,DF,31,12.7,2.13,0.39,0.0,2.13,0.39
Mehdi Léris,Sampdoria,Serie A,MFDF,MF,24,15.1,2.12,0.66,0.0,2.12,0.66
Jordan Pefok,Union Berlin,Bundesliga,FW,FW,26,10.9,2.11,0.18,0.0,2.11,0.18
Lucas Torró,Osasuna,La Liga,MF,MF,28,16.7,2.1,0.36,0.0,2.1,0.36
Dani Rodríguez,Mallorca,La Liga,MF,MF,34,13.0,2.08,0.38,0.0,2.08,0.38
Nicolas Höfler,Freiburg,Bundesliga,MF,MF,32,18.4,2.07,0.33,0.0,2.07,0.33
Oriol Romeu,Girona,La Liga,MF,MF,31,17.0,2.06,0.29,0.0,2.06,0.29
Rani Khedira,Union Berlin,Bundesliga,MF,MF,29,18.5,2.05,0.32,0.0,2.05,0.32
Renaud Ripart,Troyes,Ligue 1,FWMF,FW,29,11.2,2.05,0.27,0.0,2.05,0.27
Moisés Caicedo,Brighton,Premier League,MF,MF,21,19.2,2.03,0.31,0.0,2.03,0.31
Sead Kolainac,Marseille,Ligue 1,DF,DF,29,11.9,2.02,0.08,0.0,2.02,0.08
Alexandre Lacazette,Lyon,Ligue 1,FW,FW,31,21.4,2.01,0.09,0.0,2.01,0.09
Léo Baptistão,Almería,La Liga,FWMF,FW,30,10.5,2.0,0.48,0.0,2.0,0.48
Ludovic Blas,Nantes,Ligue 1,MFFW,MF,25,18.5,2.0,0.11,0.0,2.0,0.11
Gerard Gumbau,Elche,La Liga,MF,MF,28,14.0,2.0,0.43,0.0,2.0,0.43
Samuel Gigot,Marseille,Ligue 1,DF,DF,29,14.1,1.99,0.28,0.14,1.99,0.56
Jeffrey Schlupp,Crystal Palace,Premier League,MF,MF,30,18.1,1.99,0.28,0.0,1.99,0.28
Filippo Bandinelli,Empoli,Serie A,MF,MF,27,16.7,1.98,0.24,0.0,1.98,0.24
Ermedin Demirovi?,Augsburg,Bundesliga,FWMF,FW,24,16.7,1.98,0.3,0.0,1.98,0.3
Hugo Guillamón,Valencia,La Liga,MF,MF,23,12.7,1.97,0.39,0.0,1.97,0.39
Joelinton,Newcastle Utd,Premier League,MFFW,MF,26,18.8,1.97,0.48,0.0,1.97,0.48
Rubén Alcaraz,Cádiz,La Liga,MF,MF,31,11.2,1.96,0.54,0.09,1.96,0.72
Morten Hjulmand,Lecce,Serie A,MF,MF,23,19.0,1.95,0.32,0.05,1.95,0.42
Saa Luki?,Torino,Serie A,MF,MF,26,13.3,1.95,0.3,0.0,1.95,0.3
Santi Comesaña,Rayo Vallecano,La Liga,MF,MF,26,12.4,1.94,0.16,0.0,1.94,0.16
Cyriel Dessers,Cremonese,Serie A,FW,FW,28,13.4,1.94,0.15,0.0,1.94,0.15
Angel Gomes,Lille,Ligue 1,MF,MF,22,18.6,1.94,0.22,0.0,1.94,0.22
Iglesias,Getafe,La Liga,DF,DF,24,15.0,1.93,0.2,0.0,1.93,0.2
Álex Berenguer,Athletic Club,La Liga,FW,FW,27,15.2,1.91,0.0,0.0,1.91,0.0
Alexander Hack,Mainz 05,Bundesliga,DF,DF,29,12.1,1.9,0.17,0.08,1.9,0.33
Deiver Machado,Lens,Ligue 1,DFMF,DF,29,15.3,1.9,0.2,0.07,1.9,0.34
Vedat Muriqi,Mallorca,La Liga,FW,FW,28,18.4,1.9,0.22,0.05,1.9,0.32
Copete,Mallorca,La Liga,DF,DF,23,14.3,1.89,0.35,0.0,1.89,0.35
Gabriel Strefezza,Lecce,Serie A,FWMF,FW,25,15.9,1.89,0.19,0.0,1.89,0.19
Lewis Ferguson,Bologna,Serie A,MF,MF,23,11.2,1.88,0.27,0.0,1.88,0.27
Daichi Kamada,Eint Frankfurt,Bundesliga,MFFW,MF,26,13.3,1.88,0.15,0.0,1.88,0.15
Marshall Munetsi,Reims,Ligue 1,MF,MF,26,16.0,1.88,0.25,0.0,1.88,0.25
Jordan Ayew,Crystal Palace,Premier League,FWMF,FW,31,16.6,1.87,0.06,0.0,1.87,0.06
Ilia Gruev,Werder Bremen,Bundesliga,MF,MF,22,10.7,1.87,0.09,0.0,1.87,0.09
Karim Onisiwo,Mainz 05,Bundesliga,FWMF,FW,30,19.3,1.87,0.16,0.0,1.87,0.16
Rolando Mandragora,Fiorentina,Serie A,MF,MF,25,10.2,1.86,0.49,0.0,1.86,0.49
Vinicius Júnior,Real Madrid,La Liga,FW,FW,22,19.5,1.85,0.26,0.0,1.85,0.26
Kouadio Koné,M'Gladbach,Bundesliga,MF,MF,21,17.3,1.85,0.4,0.0,1.85,0.4
Gerzino Nyamsi,Strasbourg,Ligue 1,DF,DF,26,10.8,1.85,0.28,0.09,1.85,0.46
Wilfried Singo,Torino,Serie A,DF,DF,22,11.9,1.85,0.25,0.0,1.85,0.25
Federico Di Francesco,Lecce,Serie A,FWMF,FW,28,12.5,1.84,0.24,0.0,1.84,0.24
Tomás Rincón,Sampdoria,Serie A,MF,MF,35,14.7,1.84,0.2,0.07,1.84,0.34
Abdallah Sima,Angers,Ligue 1,FW,FW,21,10.3,1.84,0.0,0.0,1.84,0.0
Mattia Zaccagni,Lazio,Serie A,FWMF,FW,27,17.9,1.84,0.28,0.0,1.84,0.28
Leandro Barreiro Martins,Mainz 05,Bundesliga,MF,MF,23,12.0,1.83,0.25,0.0,1.83,0.25
David García,Osasuna,La Liga,DF,DF,28,17.5,1.83,0.34,0.06,1.83,0.46
Dennis Geiger,Hoffenheim,Bundesliga,MF,MF,24,13.1,1.83,0.38,0.0,1.83,0.38
Luka Lochoshvili,Cremonese,Serie A,DF,DF,24,12.6,1.83,0.24,0.0,1.83,0.24
Largie Ramazani,Almería,La Liga,FWMF,FW,21,11.5,1.83,0.35,0.0,1.83,0.35
Isaac Success,Udinese,Serie A,FW,FW,27,14.2,1.83,0.21,0.0,1.83,0.21
Simon Terodde,Schalke 04,Bundesliga,FW,FW,34,14.2,1.83,0.28,0.0,1.83,0.28
Gabriel Veiga,Celta Vigo,La Liga,MF,MF,20,11.5,1.83,0.26,0.09,1.83,0.44
Hakan Çalhanoðlu,Inter,Serie A,MF,MF,29,17.0,1.82,0.12,0.0,1.82,0.12
Ismael Diallo,Ajaccio,Ligue 1,DF,DF,26,17.0,1.82,0.29,0.06,1.82,0.41
Azor Matusiwa,Reims,Ligue 1,MF,MF,24,14.8,1.82,0.14,0.0,1.82,0.14
Amadou Onana,Everton,Premier League,MF,MF,21,16.5,1.82,0.36,0.0,1.82,0.36
Kike Pérez,Valladolid,La Liga,MF,MF,25,14.9,1.81,0.27,0.0,1.81,0.27
Moussa Sissoko,Nantes,Ligue 1,MF,MF,33,12.7,1.81,0.24,0.0,1.81,0.24
Enzo Roco,Elche,La Liga,DF,DF,30,12.8,1.8,0.23,0.0,1.8,0.23
Damián Suárez,Getafe,La Liga,DF,DF,34,10.0,1.8,0.2,0.0,1.8,0.2
Jérémy Le Douaron,Brest,Ligue 1,FWMF,FW,24,10.6,1.79,0.09,0.0,1.79,0.09
Leonardo Sernicola,Cremonese,Serie A,DF,DF,25,15.1,1.79,0.33,0.0,1.79,0.33
Robert Andrich,Leverkusen,Bundesliga,MF,MF,28,15.7,1.78,0.32,0.0,1.78,0.32
Ismaël Bennacer,Milan,Serie A,MF,MF,25,15.7,1.78,0.32,0.0,1.78,0.32
Manolo Gabbiadini,Sampdoria,Serie A,FWMF,FW,31,11.8,1.78,0.34,0.0,1.78,0.34
Gabriel Jesus,Arsenal,Premier League,FW,FW,25,13.5,1.78,0.3,0.0,1.78,0.3
Pierre Lees-Melou,Brest,Ligue 1,MF,MF,29,15.7,1.78,0.38,0.06,1.78,0.5
Mohamed Youssouf,Ajaccio,Ligue 1,DF,DF,34,17.4,1.78,0.17,0.0,1.78,0.17
Che Adams,Southampton,Premier League,FW,FW,26,17.5,1.77,0.0,0.0,1.77,0.0
Óscar Gil,Espanyol,La Liga,DF,DF,25,14.1,1.77,0.35,0.0,1.77,0.35
Borja Iglesias,Betis,La Liga,FW,FW,30,16.4,1.77,0.0,0.06,1.77,0.12
Kieffer Moore,Bournemouth,Premier League,FW,FW,30,12.4,1.77,0.0,0.0,1.77,0.0
Aimar Oroz,Osasuna,La Liga,MFFW,MF,21,10.8,1.76,0.28,0.0,1.76,0.28
Grischa Prömel,Hoffenheim,Bundesliga,MF,MF,28,11.9,1.76,0.25,0.0,1.76,0.25
Milan kriniar,Inter,Serie A,DF,DF,28,18.7,1.76,0.27,0.05,1.76,0.37
Ivan Toney,Brentford,Premier League,FW,FW,26,19.9,1.76,0.4,0.0,1.76,0.4
Randal Kolo Muani,Eint Frankfurt,Bundesliga,FW,FW,24,16.0,1.75,0.19,0.06,1.75,0.31
Tyler Adams,Leeds United,Premier League,MF,MF,23,19.0,1.74,0.26,0.05,1.74,0.36
Benjamin André,Lille,Ligue 1,MF,MF,32,19.5,1.74,0.26,0.0,1.74,0.26
Ryan Christie,Bournemouth,Premier League,MFFW,MF,27,11.5,1.74,0.09,0.0,1.74,0.09
Hirving Lozano,Napoli,Serie A,FW,FW,27,10.9,1.74,0.18,0.0,1.74,0.18
Reinildo Mandava,Atlético Madrid,La Liga,DF,DF,29,18.4,1.74,0.16,0.0,1.74,0.16
Kiliann Sildillia,Freiburg,Bundesliga,DFMF,DF,20,16.1,1.74,0.25,0.06,1.74,0.37
Mergim Berisha,Augsburg,Bundesliga,FW,FW,24,12.7,1.73,0.63,0.08,1.73,0.79
Ozan Kabak,Hoffenheim,Bundesliga,DF,DF,22,17.3,1.73,0.4,0.06,1.73,0.52
Perr Schuurs,Torino,Serie A,DF,DF,23,13.3,1.73,0.3,0.0,1.73,0.3
Kelvin Amian,Spezia,Serie A,DF,DF,25,11.7,1.71,0.26,0.0,1.71,0.26
Álvaro Morata,Atlético Madrid,La Liga,FW,FW,30,12.9,1.71,0.23,0.0,1.71,0.23
Wilfred Ndidi,Leicester City,Premier League,MFDF,MF,26,10.0,1.7,0.3,0.0,1.7,0.3
Kevin Lasagna,Hellas Verona,Serie A,FWMF,FW,30,12.4,1.69,0.08,0.0,1.69,0.08
Nikola Milenkovi?,Fiorentina,Serie A,DF,DF,25,14.3,1.68,0.14,0.0,1.68,0.14
Yunus Musah,Valencia,La Liga,MF,MF,20,15.5,1.68,0.45,0.0,1.68,0.45
Luke Shaw,Manchester Utd,Premier League,DF,DF,27,16.7,1.68,0.24,0.0,1.68,0.24
Dodô,Fiorentina,Serie A,DF,DF,24,13.2,1.67,0.38,0.08,1.67,0.54
Christian Kouamé,Fiorentina,Serie A,FW,FW,25,15.0,1.67,0.2,0.0,1.67,0.2
Lautaro Martínez,Inter,Serie A,FW,FW,25,18.6,1.67,0.05,0.0,1.67,0.05
Matheus Nunes,Wolves,Premier League,MF,MF,24,15.6,1.67,0.06,0.0,1.67,0.06
Victor Osimhen,Napoli,Serie A,FW,FW,24,15.6,1.67,0.13,0.0,1.67,0.13
Matías Vecino,Lazio,Serie A,MF,MF,31,10.8,1.67,0.19,0.0,1.67,0.19
Maxence Caqueret,Lyon,Ligue 1,MF,MF,22,16.3,1.66,0.12,0.0,1.66,0.12
Lassana Coulibaly,Salernitana,Serie A,MF,MF,26,17.5,1.66,0.34,0.0,1.66,0.34
Marcos Acuña,Sevilla,La Liga,DF,DF,31,10.9,1.65,0.46,0.09,1.65,0.64
Assan Ceesay,Lecce,Serie A,FW,FW,28,10.3,1.65,0.1,0.0,1.65,0.1
Cristian Romero,Tottenham,Premier League,DF,DF,24,13.3,1.65,0.53,0.08,1.65,0.69
Beto,Udinese,Serie A,FW,FW,25,13.4,1.64,0.07,0.0,1.64,0.07
Anthony Gordon,Everton,Premier League,FW,FW,21,12.2,1.64,0.49,0.0,1.64,0.49
Rominigue Kouamé,Troyes,Ligue 1,MF,MF,26,18.9,1.64,0.21,0.0,1.64,0.21
Riccardo Orsolini,Bologna,Serie A,FW,FW,26,12.8,1.64,0.23,0.08,1.64,0.39
Islam Slimani,Brest,Ligue 1,FW,FW,34,11.0,1.64,0.45,0.0,1.64,0.45
Igor Zubeldia,Real Sociedad,La Liga,DF,DF,25,14.0,1.64,0.36,0.0,1.64,0.36
Kevin Agudelo,Spezia,Serie A,MFFW,MF,24,16.0,1.63,0.13,0.0,1.63,0.13
Gianluca Caprari,Monza,Serie A,MFFW,MF,29,14.7,1.63,0.27,0.0,1.63,0.27
Gideon Mensah,Auxerre,Ligue 1,DF,DF,24,12.9,1.63,0.39,0.0,1.63,0.39
Helibelton Palacios,Elche,La Liga,DF,DF,29,12.9,1.63,0.31,0.0,1.63,0.31
Nélson Semedo,Wolves,Premier League,DF,DF,29,14.1,1.63,0.35,0.07,1.63,0.49
Martín Zubimendi,Real Sociedad,La Liga,MF,MF,24,17.8,1.63,0.34,0.0,1.63,0.34
Lameck Banda,Lecce,Serie A,FWMF,FW,22,11.7,1.62,0.26,0.0,1.62,0.26
Emi Buendía,Aston Villa,Premier League,MFFW,MF,26,13.6,1.62,0.0,0.0,1.62,0.0
Thierry Correia,Valencia,La Liga,DF,DF,23,15.4,1.62,0.19,0.0,1.62,0.19
Jean-Kevin Duverne,Brest,Ligue 1,DF,DF,25,15.4,1.62,0.06,0.0,1.62,0.06
Valentin Rongier,Marseille,Ligue 1,MF,MF,28,19.7,1.62,0.25,0.0,1.62,0.25
Jackson Porozo,Troyes,Ligue 1,DF,DF,22,13.7,1.61,0.22,0.0,1.61,0.22
Rodri,Manchester City,Premier League,MF,MF,26,19.3,1.61,0.16,0.0,1.61,0.16
Kerem Demirbay,Leverkusen,Bundesliga,MF,MF,29,10.0,1.6,0.2,0.0,1.6,0.2
Philipp Hofmann,Bochum,Bundesliga,FW,FW,29,16.2,1.6,0.06,0.0,1.6,0.06
Manuel Locatelli,Juventus,Serie A,MF,MF,25,15.6,1.6,0.26,0.0,1.6,0.26
Nuno Mendes,Paris S-G,Ligue 1,DFMF,DF,20,10.0,1.6,0.2,0.0,1.6,0.2
Aleksandar Mitrovi?,Fulham,Premier League,FW,FW,28,18.1,1.6,0.28,0.0,1.6,0.28
Ethan Ampadu,Spezia,Serie A,DFMF,DF,22,15.1,1.59,0.33,0.0,1.59,0.33
Ismaël Doukouré,Strasbourg,Ligue 1,DF,DF,19,11.3,1.59,0.27,0.0,1.59,0.27
Solly March,Brighton,Premier League,FWDF,FW,28,20.1,1.59,0.1,0.0,1.59,0.1
Stijn Spierings,Toulouse,Ligue 1,MF,MF,26,22.0,1.59,0.09,0.0,1.59,0.09
Boubacar Kamara,Aston Villa,Premier League,MF,MF,23,13.3,1.58,0.23,0.0,1.58,0.23
Silas Katompa,Stuttgart,Bundesliga,FWDF,FW,24,13.3,1.58,0.15,0.0,1.58,0.15
Johann Lepenant,Lyon,Ligue 1,MF,MF,20,13.3,1.58,0.08,0.0,1.58,0.08
Mathias Pereira Lage,Brest,Ligue 1,MFFW,MF,26,12.0,1.58,0.17,0.0,1.58,0.17
Issiaga Sylla,Toulouse,Ligue 1,DF,DF,29,15.2,1.58,0.2,0.0,1.58,0.2
Domenico Berardi,Sassuolo,Serie A,FW,FW,28,10.2,1.57,0.39,0.0,1.57,0.39
Thijs Dallinga,Toulouse,Ligue 1,FW,FW,22,13.4,1.57,0.3,0.0,1.57,0.3
Youssouf Fofana,Monaco,Ligue 1,MF,MF,24,20.4,1.57,0.1,0.05,1.57,0.2
Joan Gonzàlez,Lecce,Serie A,MF,MF,21,17.8,1.57,0.28,0.0,1.57,0.28
Andrew Gravillon,Reims,Ligue 1,DF,DF,25,11.5,1.57,0.26,0.0,1.57,0.26
Douglas Luiz,Aston Villa,Premier League,MF,MF,24,15.9,1.57,0.13,0.06,1.57,0.25
Antonio Sanabria,Torino,Serie A,FW,FW,26,12.1,1.57,0.25,0.0,1.57,0.25
Yan Valery,Angers,Ligue 1,DF,DF,23,12.1,1.57,0.08,0.0,1.57,0.08
Zakaria Aboukhlal,Toulouse,Ligue 1,FWMF,FW,22,16.7,1.56,0.18,0.0,1.56,0.18
Nuno da Costa,Auxerre,Ligue 1,FWMF,FW,32,12.8,1.56,0.31,0.08,1.56,0.47
Krzysztof Pi?tek,Salernitana,Serie A,FW,FW,27,12.8,1.56,0.23,0.0,1.56,0.23
Enes Ünal,Getafe,La Liga,FW,FW,25,19.2,1.56,0.21,0.0,1.56,0.21
Valentín Castellanos,Girona,La Liga,FW,FW,24,16.8,1.55,0.36,0.0,1.55,0.36
Zeki Çelik,Roma,Serie A,DF,DF,25,11.0,1.55,0.45,0.0,1.55,0.45
Robert Lewandowski,Barcelona,La Liga,FW,FW,34,14.8,1.55,0.14,0.07,1.55,0.28
Gianluca Scamacca,West Ham,Premier League,FW,FW,24,10.3,1.55,0.29,0.0,1.55,0.29
Nabil Bentaleb,Angers,Ligue 1,MF,MF,28,16.9,1.54,0.06,0.0,1.54,0.06
Mohamed Elyounoussi,Southampton,Premier League,MFFW,MF,28,15.6,1.54,0.19,0.0,1.54,0.19
Andrei Girotto,Nantes,Ligue 1,DFMF,DF,30,20.8,1.54,0.14,0.0,1.54,0.14
Joan Jordán,Sevilla,La Liga,MF,MF,28,13.0,1.54,0.38,0.0,1.54,0.38
Lee Kangin,Mallorca,La Liga,MFFW,MF,21,16.9,1.54,0.36,0.0,1.54,0.36
Diogo Leite,Union Berlin,Bundesliga,DF,DF,24,16.2,1.54,0.12,0.06,1.54,0.24
Adrien Thomasson,Strasbourg,Ligue 1,MF,MF,29,10.4,1.54,0.19,0.0,1.54,0.19
Koray Günter,Hellas Verona,Serie A,DF,DF,28,11.1,1.53,0.27,0.0,1.53,0.27
Bobby Reid,Fulham,Premier League,FWDF,FW,30,20.2,1.53,0.35,0.0,1.53,0.35
Alexis Sánchez,Marseille,Ligue 1,FW,FW,34,16.3,1.53,0.12,0.0,1.53,0.12
Aurélien Tchouaméni,Real Madrid,La Liga,MF,MF,23,11.8,1.53,0.08,0.0,1.53,0.08
Iyenoma Udogie,Udinese,Serie A,DF,DF,20,16.3,1.53,0.25,0.0,1.53,0.25
Vanderson,Monaco,Ligue 1,DF,DF,21,14.4,1.53,0.14,0.07,1.53,0.28
Javi Galán,Celta Vigo,La Liga,DF,DF,28,19.1,1.52,0.1,0.0,1.52,0.1
Georginio Rutter,Hoffenheim,Bundesliga,FW,FW,20,11.2,1.52,0.18,0.0,1.52,0.18
Tomá Sou?ek,West Ham,Premier League,MF,MF,27,18.4,1.52,0.05,0.0,1.52,0.05
Mattias Svanberg,Wolfsburg,Bundesliga,MF,MF,24,11.2,1.52,0.27,0.0,1.52,0.27
Mikel Vesga,Athletic Club,La Liga,MF,MF,29,16.5,1.52,0.18,0.0,1.52,0.18
Igor,Fiorentina,Serie A,DF,DF,25,12.6,1.51,0.56,0.08,1.51,0.72
Neymar,Paris S-G,Ligue 1,MFFW,MF,31,16.6,1.51,0.36,0.06,1.51,0.48
Daniel Podence,Wolves,Premier League,FWMF,FW,27,14.6,1.51,0.27,0.0,1.51,0.27
Óscar de Marcos,Athletic Club,La Liga,DF,DF,33,18.0,1.5,0.17,0.0,1.5,0.17
Rafael Ratão,Toulouse,Ligue 1,FW,FW,27,12.7,1.5,0.08,0.0,1.5,0.08
Alex Sandro,Juventus,Serie A,DF,DF,32,12.7,1.5,0.24,0.08,1.5,0.4
Filip ?uri?i?,Sampdoria,Serie A,MFFW,MF,31,14.7,1.5,0.41,0.0,1.5,0.41
Kevin Akpoguma,Hoffenheim,Bundesliga,DF,DF,27,11.4,1.49,0.53,0.0,1.49,0.53
César Azpilicueta,Chelsea,Premier League,DF,DF,33,11.4,1.49,0.26,0.0,1.49,0.26
Carlos,Monza,Serie A,DF,DF,24,19.5,1.49,0.1,0.0,1.49,0.1
Aritz Elustondo,Real Sociedad,La Liga,DF,DF,28,11.4,1.49,0.35,0.09,1.49,0.53
Mario Paali?,Atalanta,Serie A,MFFW,MF,28,11.4,1.49,0.18,0.0,1.49,0.18
Roberto Soriano,Bologna,Serie A,FWMF,FW,32,11.4,1.49,0.09,0.0,1.49,0.09
Brahim Díaz,Milan,Serie A,MF,MF,23,11.5,1.48,0.17,0.0,1.48,0.17
João Moutinho,Wolves,Premier League,MF,MF,36,15.5,1.48,0.13,0.0,1.48,0.13
Neco Williams,Nott'ham Forest,Premier League,DF,DF,21,13.5,1.48,0.3,0.0,1.48,0.3
Eduardo Camavinga,Real Madrid,La Liga,MFDF,MF,20,10.2,1.47,0.29,0.0,1.47,0.29
Bryan Cristante,Roma,Serie A,MF,MF,27,20.4,1.47,0.2,0.0,1.47,0.2
Alfonso Espino,Cádiz,La Liga,DF,DF,31,19.7,1.47,0.25,0.0,1.47,0.25
Olivier Giroud,Milan,Serie A,FW,FW,36,15.0,1.47,0.4,0.07,1.47,0.54
Anthony Losilla,Bochum,Bundesliga,MF,MF,36,19.7,1.47,0.15,0.0,1.47,0.15
John McGinn,Aston Villa,Premier League,MF,MF,28,13.6,1.47,0.29,0.0,1.47,0.29
Jon Moncayola,Osasuna,La Liga,MFFW,MF,24,13.6,1.47,0.22,0.0,1.47,0.22
Nemanja Radonji?,Torino,Serie A,MFFW,MF,26,10.2,1.47,0.1,0.0,1.47,0.1
Edin D?eko,Inter,Serie A,FW,FW,36,14.4,1.46,0.21,0.0,1.46,0.21
Armando Izzo,Monza,Serie A,DF,DF,30,12.3,1.46,0.24,0.0,1.46,0.24
Yohann Magnin,Clermont Foot,Ligue 1,MFDF,MF,25,18.5,1.46,0.27,0.0,1.46,0.27
Loïs Openda,Lens,Ligue 1,FW,FW,22,15.1,1.46,0.07,0.0,1.46,0.07
Kenny Tete,Fulham,Premier League,DF,DF,27,15.7,1.46,0.38,0.0,1.46,0.38
Michail Antonio,West Ham,Premier League,FW,FW,32,11.7,1.45,0.09,0.0,1.45,0.09
Filip Kosti?,Juventus,Serie A,DFFW,DF,30,16.5,1.45,0.06,0.0,1.45,0.06
Kalidou Koulibaly,Chelsea,Premier League,DF,DF,31,12.4,1.45,0.4,0.08,1.45,0.56
Lucas Robertone,Almería,La Liga,MF,MF,25,16.5,1.45,0.3,0.0,1.45,0.3
Kevin Stöger,Bochum,Bundesliga,MF,MF,29,17.2,1.45,0.06,0.0,1.45,0.06
Rodrigo Bentancur,Tottenham,Premier League,MF,MF,25,16.7,1.44,0.48,0.0,1.44,0.48
Alexis Blin,Lecce,Serie A,MFDF,MF,26,13.9,1.44,0.14,0.0,1.44,0.14
Fabinho,Liverpool,Premier League,MF,MF,29,13.9,1.44,0.14,0.0,1.44,0.14
Janik Haberer,Union Berlin,Bundesliga,MF,MF,28,13.9,1.44,0.0,0.0,1.44,0.0
Takefusa Kubo,Real Sociedad,La Liga,FWMF,FW,21,13.9,1.44,0.14,0.0,1.44,0.14
Faitout Maouassa,Montpellier,Ligue 1,DFFW,DF,24,13.2,1.44,0.0,0.0,1.44,0.0
Lassine Sinayoko,Auxerre,Ligue 1,MFFW,MF,23,13.2,1.44,0.15,0.08,1.44,0.31
Yuri Berchiche,Athletic Club,La Liga,DF,DF,33,10.5,1.43,0.57,0.1,1.43,0.77
Brendan Chardonnet,Brest,Ligue 1,DF,DF,28,17.5,1.43,0.29,0.0,1.43,0.29
Pervis Estupiñán,Brighton,Premier League,DF,DF,25,14.0,1.43,0.21,0.0,1.43,0.21
Jordan Ferri,Montpellier,Ligue 1,MF,MF,30,16.8,1.43,0.24,0.0,1.43,0.24
Benjamin Henrichs,RB Leipzig,Bundesliga,DFMF,DF,25,14.7,1.43,0.41,0.0,1.43,0.41
Luka Jovi?,Fiorentina,Serie A,FWMF,FW,25,11.2,1.43,0.18,0.0,1.43,0.18
Danilo Soares,Bochum,Bundesliga,DF,DF,31,12.6,1.43,0.32,0.0,1.43,0.32
Jonathan Bamba,Lille,Ligue 1,FW,FW,26,16.2,1.42,0.19,0.0,1.42,0.19
Cyrille Bayala,Ajaccio,Ligue 1,MF,MF,26,14.1,1.42,0.21,0.0,1.42,0.21
Leon Goretzka,Bayern Munich,Bundesliga,MF,MF,28,11.3,1.42,0.27,0.0,1.42,0.27
Bruno Guimarães,Newcastle Utd,Premier League,MF,MF,25,15.5,1.42,0.19,0.0,1.42,0.19
Jack Harrison,Leeds United,Premier League,FWMF,FW,26,14.8,1.42,0.14,0.0,1.42,0.14
Emil Holm,Spezia,Serie A,DF,DF,22,15.5,1.42,0.26,0.0,1.42,0.26
Christoph Kramer,M'Gladbach,Bundesliga,MF,MF,31,16.2,1.42,0.19,0.0,1.42,0.19
Marcos Llorente,Atlético Madrid,La Liga,MFDF,MF,28,11.3,1.42,0.09,0.0,1.42,0.09
Ivan unji?,Hertha BSC,Bundesliga,MF,MF,26,10.6,1.42,0.38,0.0,1.42,0.38
Danny Welbeck,Brighton,Premier League,FW,FW,32,12.7,1.42,0.0,0.0,1.42,0.0
Thiago Alcántara,Liverpool,Premier League,MF,MF,31,12.8,1.41,0.16,0.0,1.41,0.16
Davide Frattesi,Sassuolo,Serie A,MF,MF,23,19.2,1.41,0.16,0.0,1.41,0.16
Stefan Savi?,Atlético Madrid,La Liga,DF,DF,32,12.8,1.41,0.16,0.08,1.41,0.32
Alexander Sørloth,Real Sociedad,La Liga,FW,FW,27,14.2,1.41,0.14,0.0,1.41,0.14
Dominik Kohr,Mainz 05,Bundesliga,MF,MF,29,15.7,1.4,0.32,0.0,1.4,0.32
Geoffrey Kondogbia,Atlético Madrid,La Liga,MF,MF,29,10.7,1.4,0.37,0.0,1.4,0.37
Eric Martel,Köln,Bundesliga,MF,MF,20,11.4,1.4,0.18,0.0,1.4,0.18
Óscar Mingueza,Celta Vigo,La Liga,DF,DF,23,10.7,1.4,0.19,0.0,1.4,0.19
Mason Mount,Chelsea,Premier League,MFFW,MF,24,17.1,1.4,0.18,0.0,1.4,0.18
Christian Nørgaard,Brentford,Premier League,MF,MF,28,10.7,1.4,0.09,0.0,1.4,0.09
Oihan Sancet,Athletic Club,La Liga,MF,MF,22,15.7,1.4,0.13,0.0,1.4,0.13
Joe Willock,Newcastle Utd,Premier League,MF,MF,23,17.8,1.4,0.06,0.0,1.4,0.06
Flavius Daniliuc,Salernitana,Serie A,DF,DF,21,11.5,1.39,0.35,0.0,1.39,0.35
Thilo Kehrer,West Ham,Premier League,DF,DF,26,16.5,1.39,0.24,0.0,1.39,0.24
Maxime Le Marchand,Strasbourg,Ligue 1,DF,DF,33,14.4,1.39,0.35,0.07,1.39,0.49
Dodi Lukebakio,Hertha BSC,Bundesliga,FWMF,FW,25,16.5,1.39,0.36,0.0,1.39,0.36
Julian Ryerson,Union Berlin,Bundesliga,DF,DF,25,11.5,1.39,0.17,0.0,1.39,0.17
Flavien Tait,Rennes,Ligue 1,MF,MF,30,15.1,1.39,0.13,0.0,1.39,0.13
Leonardo Balerdi,Marseille,Ligue 1,DF,DF,24,19.6,1.38,0.2,0.0,1.38,0.2
Harvey Barnes,Leicester City,Premier League,MFFW,MF,25,18.8,1.38,0.05,0.0,1.38,0.05
Sandi Lovri?,Udinese,Serie A,MF,MF,24,11.6,1.38,0.17,0.0,1.38,0.17
Alassane Pléa,M'Gladbach,Bundesliga,FW,FW,29,11.6,1.38,0.26,0.0,1.38,0.26
Diego Rico,Real Sociedad,La Liga,DF,DF,29,11.6,1.38,0.17,0.0,1.38,0.17
Pablo Rosario,Nice,Ligue 1,MFDF,MF,26,10.9,1.38,0.46,0.0,1.38,0.46
Javi Sánchez,Valladolid,La Liga,DF,DF,25,15.9,1.38,0.44,0.0,1.38,0.44
Dominic Solanke,Bournemouth,Premier League,FWMF,FW,25,15.9,1.38,0.06,0.0,1.38,0.06
Marco Verratti,Paris S-G,Ligue 1,MF,MF,30,13.8,1.38,0.51,0.07,1.38,0.65
Leon Bailey,Aston Villa,Premier League,FWMF,FW,25,14.6,1.37,0.27,0.0,1.37,0.27
Dylan Bronn,Salernitana,Serie A,DF,DF,27,13.9,1.37,0.07,0.0,1.37,0.07
Franco Cervi,Celta Vigo,La Liga,MF,MF,28,14.6,1.37,0.0,0.07,1.37,0.14
Cheick Doucouré,Crystal Palace,Premier League,MF,MF,23,18.3,1.37,0.38,0.0,1.37,0.38
Mama Samba Baldé,Troyes,Ligue 1,FW,FW,27,17.5,1.37,0.17,0.06,1.37,0.29
Joe Worrall,Nott'ham Forest,Premier League,DF,DF,26,13.9,1.37,0.36,0.0,1.37,0.36
Marko Arnautovi?,Bologna,Serie A,FW,FW,33,13.2,1.36,0.3,0.0,1.36,0.3
Samuel,Valencia,La Liga,FWMF,FW,23,19.8,1.36,0.15,0.0,1.36,0.15
Xaver Schlager,RB Leipzig,Bundesliga,MF,MF,25,14.0,1.36,0.14,0.0,1.36,0.14
Niklas Stark,Werder Bremen,Bundesliga,DF,DF,27,11.8,1.36,0.34,0.0,1.36,0.34
Mehdi Bourabia,Spezia,Serie A,MF,MF,31,18.5,1.35,0.16,0.0,1.35,0.16
Emmanuel Gyasi,Spezia,Serie A,FWDF,FW,29,17.1,1.35,0.29,0.0,1.35,0.29
André Silva,RB Leipzig,Bundesliga,FW,FW,27,13.3,1.35,0.08,0.0,1.35,0.08
Daniel Vivian,Athletic Club,La Liga,DF,DF,23,14.1,1.35,0.21,0.0,1.35,0.21
Eray Cömert,Valencia,La Liga,DF,DF,25,14.9,1.34,0.27,0.07,1.34,0.41
Bafodé Diakité,Lille,Ligue 1,DF,DF,22,19.4,1.34,0.21,0.0,1.34,0.21
Souleyman Doumbia,Angers,Ligue 1,DFFW,DF,26,16.4,1.34,0.12,0.06,1.34,0.24
Marten de Roon,Atalanta,Serie A,MF,MF,31,17.9,1.34,0.28,0.0,1.34,0.28
Pascal Struijk,Leeds United,Premier League,DF,DF,23,18.6,1.34,0.22,0.0,1.34,0.22
Marcus Thuram,M'Gladbach,Bundesliga,FW,FW,25,17.9,1.34,0.11,0.0,1.34,0.11
Tuta,Eint Frankfurt,Bundesliga,DF,DF,23,17.9,1.34,0.22,0.0,1.34,0.22
Andrea Cambiaso,Bologna,Serie A,DF,DF,22,12.8,1.33,0.16,0.0,1.33,0.16
Roger Ibanez,Roma,Serie A,DF,DF,24,21.0,1.33,0.29,0.0,1.33,0.29
Elba Rashani,Clermont Foot,Ligue 1,MFDF,MF,29,14.3,1.33,0.07,0.0,1.33,0.07
Birama Touré,Auxerre,Ligue 1,MF,MF,30,21.8,1.33,0.05,0.0,1.33,0.05
Samuel Umtiti,Lecce,Serie A,DF,DF,29,10.5,1.33,0.38,0.0,1.33,0.38
Yunis Abdelhamid,Reims,Ligue 1,DF,DF,35,22.0,1.32,0.09,0.0,1.32,0.09
Fares Chaïbi,Toulouse,Ligue 1,FWMF,FW,20,15.2,1.32,0.13,0.0,1.32,0.13
Idrissa Gana Gueye,Everton,Premier League,MF,MF,33,13.6,1.32,0.22,0.0,1.32,0.22
Timo Hübers,Köln,Bundesliga,DF,DF,26,14.4,1.32,0.28,0.0,1.32,0.28
Teun Koopmeiners,Atalanta,Serie A,MF,MF,24,20.4,1.32,0.25,0.0,1.32,0.25
Luis Milla,Getafe,La Liga,MF,MF,28,12.9,1.32,0.23,0.08,1.32,0.39
Obite N'Dicka,Eint Frankfurt,Bundesliga,DF,DF,23,18.9,1.32,0.16,0.0,1.32,0.16
Andreas Pereira,Fulham,Premier League,MF,MF,27,21.2,1.32,0.28,0.0,1.32,0.28
Stefan Posch,Bologna,Serie A,DF,DF,25,13.6,1.32,0.07,0.0,1.32,0.07
Nicolás Tagliafico,Lyon,Ligue 1,DF,DF,30,19.7,1.32,0.2,0.0,1.32,0.2
Tammy Abraham,Roma,Serie A,FW,FW,25,17.6,1.31,0.06,0.0,1.31,0.06
Fabio Depaoli,Hellas Verona,Serie A,DF,DF,25,13.0,1.31,0.23,0.0,1.31,0.23
Aleksandr Golovin,Monaco,Ligue 1,MFFW,MF,26,17.5,1.31,0.17,0.0,1.31,0.17
Achraf Hakimi,Paris S-G,Ligue 1,DFMF,DF,24,16.8,1.31,0.3,0.0,1.31,0.3
Jonjoe Kenny,Hertha BSC,Bundesliga,DF,DF,25,17.5,1.31,0.06,0.0,1.31,0.06
Brian Oliván,Espanyol,La Liga,DF,DF,28,18.3,1.31,0.27,0.0,1.31,0.27
Mattia Caldara,Spezia,Serie A,DF,DF,28,10.8,1.3,0.46,0.0,1.3,0.46
Piero Hincapié,Leverkusen,Bundesliga,DF,DF,21,16.2,1.3,0.49,0.12,1.3,0.73
Martinelli,Arsenal,Premier League,FW,FW,21,19.2,1.3,0.1,0.0,1.3,0.1
Salih Özcan,Dortmund,Bundesliga,MF,MF,25,13.1,1.3,0.38,0.0,1.3,0.38
Ellyes Skhiri,Köln,Bundesliga,MF,MF,27,17.7,1.3,0.17,0.0,1.3,0.17
Rodrigo Becão,Udinese,Serie A,DF,DF,27,14.7,1.29,0.41,0.0,1.29,0.41
Djené,Getafe,La Liga,DF,DF,31,17.1,1.29,0.29,0.0,1.29,0.29
Maximilian Eggestein,Freiburg,Bundesliga,MF,MF,26,15.5,1.29,0.26,0.0,1.29,0.26
Bruno Fernandes,Manchester Utd,Premier League,MFFW,MF,28,21.0,1.29,0.24,0.0,1.29,0.24
Florian Niederlechner,Augsburg,Bundesliga,FWMF,FW,32,10.1,1.29,0.1,0.0,1.29,0.1
Suat Serdar,Hertha BSC,Bundesliga,MF,MF,25,14.0,1.29,0.29,0.0,1.29,0.29
Arkadiusz Reca,Spezia,Serie A,DF,DF,27,14.9,1.28,0.2,0.0,1.28,0.2
Guido Rodríguez,Betis,La Liga,MF,MF,28,16.4,1.28,0.24,0.0,1.28,0.24
Alidu Seidu,Clermont Foot,Ligue 1,DF,DF,22,19.5,1.28,0.31,0.0,1.28,0.31
Joris Chotard,Montpellier,Ligue 1,MF,MF,21,14.2,1.27,0.21,0.0,1.27,0.21
Juan Cuadrado,Juventus,Serie A,DFFW,DF,34,11.8,1.27,0.25,0.08,1.27,0.41
Moussa Diarra,Toulouse,Ligue 1,DF,DF,22,11.0,1.27,0.0,0.0,1.27,0.0
Álvaro García,Rayo Vallecano,La Liga,FWMF,FW,30,16.5,1.27,0.18,0.0,1.27,0.18
Jonathan Gradit,Lens,Ligue 1,DF,DF,30,15.7,1.27,0.25,0.0,1.27,0.25
Facundo Medina,Lens,Ligue 1,DF,DF,23,18.9,1.27,0.26,0.0,1.27,0.26
Rasmus Nissen,Leeds United,Premier League,DF,DF,25,12.6,1.27,0.32,0.0,1.27,0.32
Ivan Perii?,Tottenham,Premier League,DFMF,DF,34,15.8,1.27,0.19,0.0,1.27,0.19
Edu Expósito,Espanyol,La Liga,MF,MF,26,10.3,1.26,0.19,0.0,1.26,0.19
Przemys?aw Frankowski,Lens,Ligue 1,DFMF,DF,27,17.5,1.26,0.06,0.0,1.26,0.06
Oumar Gonzalez,Ajaccio,Ligue 1,DF,DF,24,17.5,1.26,0.4,0.0,1.26,0.4
Amine Gouiri,Rennes,Ligue 1,FW,FW,22,15.1,1.26,0.07,0.0,1.26,0.07
Atakan Karazor,Stuttgart,Bundesliga,MF,MF,26,10.3,1.26,0.68,0.0,1.26,0.68
Tom Krauß,Schalke 04,Bundesliga,MF,MF,21,18.2,1.26,0.16,0.0,1.26,0.16
Dany Mota,Monza,Serie A,FWMF,FW,24,11.1,1.26,0.09,0.0,1.26,0.09
Corentin Tolisso,Lyon,Ligue 1,MF,MF,28,10.3,1.26,0.1,0.0,1.26,0.1
Mitchell Weiser,Werder Bremen,Bundesliga,DFFW,DF,28,18.2,1.26,0.27,0.0,1.26,0.27
Simon Zoller,Bochum,Bundesliga,FW,FW,31,13.5,1.26,0.22,0.0,1.26,0.22
Éderson,Atalanta,Serie A,MFFW,MF,23,12.0,1.25,0.17,0.0,1.25,0.17
Henrikh Mkhitaryan,Inter,Serie A,MF,MF,34,12.8,1.25,0.23,0.0,1.25,0.23
Nordi Mukiele,Paris S-G,Ligue 1,DF,DF,25,11.2,1.25,0.0,0.0,1.25,0.0
Rayan Raveloson,Auxerre,Ligue 1,MFDF,MF,26,11.2,1.25,0.0,0.0,1.25,0.0
Jordan Veretout,Marseille,Ligue 1,MF,MF,29,16.8,1.25,0.12,0.0,1.25,0.12
Joel Ward,Crystal Palace,Premier League,DF,DF,33,14.4,1.25,0.28,0.0,1.25,0.28
Sergio Busquets,Barcelona,La Liga,MF,MF,34,14.5,1.24,0.41,0.07,1.24,0.55
Edinson Cavani,Valencia,La Liga,FW,FW,35,10.5,1.24,0.38,0.0,1.24,0.38
Niko Gießelmann,Union Berlin,Bundesliga,DF,DF,31,10.5,1.24,0.29,0.0,1.24,0.29
Julian Weigl,M'Gladbach,Bundesliga,MF,MF,27,13.7,1.24,0.36,0.0,1.24,0.36
Luca Caldirola,Monza,Serie A,DF,DF,32,14.6,1.23,0.21,0.0,1.23,0.21
Kevin Danso,Lens,Ligue 1,DF,DF,24,22.0,1.23,0.23,0.0,1.23,0.23
Habib Diallo,Strasbourg,Ligue 1,FW,FW,27,17.1,1.23,0.12,0.0,1.23,0.12
Hans Hateboer,Atalanta,Serie A,DF,DF,29,15.5,1.23,0.45,0.0,1.23,0.45
Jonathan Ikone,Fiorentina,Serie A,FW,FW,24,13.0,1.23,0.15,0.0,1.23,0.15
Wilfried Kanga,Hertha BSC,Bundesliga,FW,FW,24,13.0,1.23,0.15,0.0,1.23,0.15
Robin Koch,Leeds United,Premier League,DF,DF,26,19.5,1.23,0.26,0.0,1.23,0.26
Renan Lodi,Nott'ham Forest,Premier League,DF,DF,24,12.2,1.23,0.16,0.0,1.23,0.16
Ivan Ordets,Bochum,Bundesliga,DF,DF,30,15.5,1.23,0.19,0.0,1.23,0.19
Marc Roca,Leeds United,Premier League,MF,MF,26,16.2,1.23,0.25,0.0,1.23,0.25
Benno Schmitz,Köln,Bundesliga,DF,DF,28,15.5,1.23,0.13,0.0,1.23,0.13
Romain Perraud,Southampton,Premier League,DF,DF,25,13.1,1.22,0.15,0.0,1.22,0.15
David Raum,RB Leipzig,Bundesliga,DFFW,DF,24,13.1,1.22,0.15,0.0,1.22,0.15
Unai García,Osasuna,La Liga,DF,DF,31,14.1,1.21,0.43,0.07,1.21,0.57
Jack Grealish,Manchester City,Premier League,FW,FW,27,11.6,1.21,0.09,0.0,1.21,0.09
Enzo Le Fée,Lorient,Ligue 1,MF,MF,23,21.4,1.21,0.14,0.0,1.21,0.14
Castello Lukeba,Lyon,Ligue 1,DF,DF,20,18.2,1.21,0.16,0.0,1.21,0.16
James Maddison,Leicester City,Premier League,MFFW,MF,26,14.1,1.21,0.43,0.0,1.21,0.43
Rodrigo Riquelme,Girona,La Liga,MFFW,MF,22,14.1,1.21,0.0,0.0,1.21,0.0
Nuno Tavares,Marseille,Ligue 1,DFMF,DF,23,16.5,1.21,0.24,0.06,1.21,0.36
Federico Bonazzoli,Salernitana,Serie A,FW,FW,25,10.0,1.2,0.1,0.0,1.2,0.1
Cédric Brunner,Schalke 04,Bundesliga,DF,DF,28,15.8,1.2,0.13,0.0,1.2,0.13
William Carvalho,Betis,La Liga,MF,MF,30,15.0,1.2,0.27,0.07,1.2,0.41
Yannick Gerhardt,Wolfsburg,Bundesliga,MF,MF,28,10.8,1.2,0.19,0.0,1.2,0.19
Vincent Marchetti,Ajaccio,Ligue 1,MF,MF,25,18.4,1.2,0.22,0.0,1.2,0.22
Isaac Palazón Camacho,Rayo Vallecano,La Liga,FWMF,FW,28,16.7,1.2,0.18,0.0,1.2,0.18
Antonio Raillo,Mallorca,La Liga,DF,DF,31,20.0,1.2,0.3,0.0,1.2,0.3
Robert Skov,Hoffenheim,Bundesliga,DF,DF,26,11.7,1.2,0.09,0.0,1.2,0.09
Callum Wilson,Newcastle Utd,Premier League,FW,FW,30,12.5,1.2,0.24,0.0,1.2,0.24
Ben Davies,Tottenham,Premier League,DF,DF,29,16.0,1.19,0.13,0.0,1.19,0.13
Dejan Kulusevski,Tottenham,Premier League,MFFW,MF,22,12.6,1.19,0.0,0.0,1.19,0.0
Robin Le Normand,Real Sociedad,La Liga,DF,DF,26,15.1,1.19,0.26,0.0,1.19,0.26
Gianluca Mancini,Roma,Serie A,DF,DF,26,20.2,1.19,0.2,0.0,1.19,0.2
Sadio Mané,Bayern Munich,Bundesliga,FW,FW,30,10.1,1.19,0.1,0.0,1.19,0.1
Sergej Milinkovi?-Savi?,Lazio,Serie A,MF,MF,27,19.4,1.19,0.36,0.0,1.19,0.36
Éder Militão,Real Madrid,La Liga,DF,DF,25,13.5,1.19,0.07,0.0,1.19,0.07
Julien Ponceau,Lorient,Ligue 1,MF,MF,22,12.6,1.19,0.08,0.0,1.19,0.08
Mohammed Salisu,Southampton,Premier League,DF,DF,23,21.0,1.19,0.24,0.0,1.19,0.24
Anton Stach,Mainz 05,Bundesliga,MF,MF,24,13.4,1.19,0.3,0.0,1.19,0.3
Felipe Anderson,Lazio,Serie A,FW,FW,29,18.7,1.18,0.05,0.0,1.18,0.05
Michael Gregoritsch,Freiburg,Bundesliga,FW,FW,28,16.1,1.18,0.19,0.0,1.18,0.19
Soualiho Meïté,Cremonese,Serie A,MF,MF,28,12.7,1.18,0.39,0.0,1.18,0.39
Sergio Ramos,Paris S-G,Ligue 1,DF,DF,36,17.0,1.18,0.18,0.06,1.18,0.3
Raheem Sterling,Chelsea,Premier League,FWMF,FW,28,12.7,1.18,0.24,0.0,1.18,0.24
Joël Veltman,Brighton,Premier League,DF,DF,31,15.3,1.18,0.13,0.0,1.18,0.13
Vitinha,Paris S-G,Ligue 1,MF,MF,22,15.3,1.18,0.13,0.0,1.18,0.13
Nicolò Barella,Inter,Serie A,MF,MF,26,17.9,1.17,0.22,0.0,1.17,0.22
Jude Bellingham,Dortmund,Bundesliga,MF,MF,19,18.8,1.17,0.27,0.0,1.17,0.27
Kiernan Dewsbury-Hall,Leicester City,Premier League,MF,MF,24,17.1,1.17,0.12,0.0,1.17,0.12
Mattéo Guendouzi,Marseille,Ligue 1,MF,MF,23,16.2,1.17,0.12,0.0,1.17,0.12
Jubal,Auxerre,Ligue 1,DF,DF,29,19.7,1.17,0.2,0.0,1.17,0.2
Adama Soumaoro,Bologna,Serie A,DF,DF,30,13.7,1.17,0.36,0.07,1.17,0.5
Santiago Bueno,Girona,La Liga,DF,DF,24,19.9,1.16,0.2,0.05,1.16,0.3
Jaume Costa,Mallorca,La Liga,DF,DF,34,16.4,1.16,0.3,0.0,1.16,0.3
Odsonne Édouard,Crystal Palace,Premier League,FWMF,FW,25,12.1,1.16,0.25,0.0,1.16,0.25
Julian Jeanvier,Auxerre,Ligue 1,DF,DF,30,13.8,1.16,0.29,0.07,1.16,0.43
Charles Pickel,Cremonese,Serie A,MF,MF,25,15.5,1.16,0.39,0.0,1.16,0.39
Adrien Rabiot,Juventus,Serie A,MF,MF,27,15.5,1.16,0.19,0.0,1.16,0.19
Domingos André Ribeiro Almeida,Valencia,La Liga,MF,MF,22,13.9,1.15,0.14,0.0,1.15,0.14
Ousmane Dembélé,Barcelona,La Liga,FW,FW,25,12.2,1.15,0.33,0.0,1.15,0.33
Ritsu Doan,Freiburg,Bundesliga,FWMF,FW,24,16.5,1.15,0.12,0.0,1.15,0.12
Brennan Johnson,Nott'ham Forest,Premier League,FW,FW,21,20.0,1.15,0.2,0.0,1.15,0.2
João Palhinha,Fulham,Premier League,MF,MF,27,21.7,1.15,0.37,0.0,1.15,0.37
Aaron Ramsey,Nice,Ligue 1,MF,MF,32,11.3,1.15,0.09,0.0,1.15,0.09
Bukayo Saka,Arsenal,Premier League,FW,FW,21,20.0,1.15,0.2,0.0,1.15,0.2
Youri Tielemans,Leicester City,Premier League,MF,MF,25,18.3,1.15,0.16,0.0,1.15,0.16
Kieran Trippier,Newcastle Utd,Premier League,DF,DF,32,21.7,1.15,0.23,0.0,1.15,0.23
Jamie Vardy,Leicester City,Premier League,FW,FW,36,13.1,1.15,0.08,0.0,1.15,0.08
Emanuel Aiwum,Cremonese,Serie A,DF,DF,22,11.4,1.14,0.18,0.0,1.14,0.18
Krépin Diatta,Monaco,Ligue 1,MFFW,MF,23,14.9,1.14,0.2,0.0,1.14,0.2
Niclas Füllkrug,Werder Bremen,Bundesliga,FW,FW,30,18.5,1.14,0.22,0.0,1.14,0.22
Saîf-Eddine Khaoui,Clermont Foot,Ligue 1,MFFW,MF,27,15.8,1.14,0.25,0.0,1.14,0.25
Ivan Rakiti?,Sevilla,La Liga,MF,MF,34,10.5,1.14,0.29,0.1,1.14,0.49
Khéphren Thuram-Ulie,Nice,Ligue 1,MF,MF,21,17.6,1.14,0.11,0.0,1.14,0.11
Walace,Udinese,Serie A,MF,MF,27,20.1,1.14,0.2,0.0,1.14,0.2
Wilfried Zaha,Crystal Palace,Premier League,FWMF,FW,30,18.5,1.14,0.16,0.0,1.14,0.16
Emerson,Tottenham,Premier League,DF,DF,24,13.3,1.13,0.08,0.08,1.13,0.24
Rasmus Højlund,Atalanta,Serie A,FW,FW,20,10.6,1.13,0.09,0.0,1.13,0.09
Lee Jae-sung,Mainz 05,Bundesliga,MF,MF,30,12.4,1.13,0.16,0.0,1.13,0.16
Mathias Jensen,Brentford,Premier League,MF,MF,27,18.6,1.13,0.16,0.0,1.13,0.16
Christopher Jullien,Montpellier,Ligue 1,DF,DF,29,15.9,1.13,0.19,0.0,1.13,0.19
Pasquale Mazzocchi,Salernitana,Serie A,DF,DF,27,13.3,1.13,0.15,0.0,1.13,0.15
Álex Moreno,Betis,La Liga,DF,DF,29,15.0,1.13,0.07,0.0,1.13,0.07
Óscar Rodríguez Arnaiz,Celta Vigo,La Liga,MF,MF,24,13.3,1.13,0.23,0.0,1.13,0.23
Lucas Tousart,Hertha BSC,Bundesliga,MF,MF,25,17.7,1.13,0.0,0.0,1.13,0.0
Maximilian Bauer,Augsburg,Bundesliga,DF,DF,23,11.6,1.12,0.52,0.0,1.12,0.52
Vladimír Coufal,West Ham,Premier League,DF,DF,30,14.3,1.12,0.28,0.0,1.12,0.28
Mikkel Desler,Toulouse,Ligue 1,DF,DF,27,13.4,1.12,0.15,0.07,1.12,0.29
Koffi Djidji,Torino,Serie A,DF,DF,30,16.9,1.12,0.12,0.0,1.12,0.12
Carlos Gruezo,Augsburg,Bundesliga,MF,MF,27,10.7,1.12,0.47,0.0,1.12,0.47
Robert Gumny,Augsburg,Bundesliga,DF,DF,24,14.3,1.12,0.21,0.0,1.12,0.21
Dimitri Liénard,Strasbourg,Ligue 1,DFMF,DF,34,10.7,1.12,0.28,0.0,1.12,0.28
Luka Modri?,Real Madrid,La Liga,MF,MF,37,12.5,1.12,0.32,0.0,1.12,0.32
Matteo Pessina,Monza,Serie A,MF,MF,25,17.0,1.12,0.12,0.0,1.12,0.12
Stefano Sensi,Monza,Serie A,MF,MF,27,10.7,1.12,0.47,0.0,1.12,0.47
Sepe Elye Wahi,Montpellier,Ligue 1,FW,FW,20,17.1,1.11,0.29,0.06,1.11,0.41
Fernando,Sevilla,La Liga,MFDF,MF,35,10.8,1.11,0.19,0.0,1.11,0.19
Remo Freuler,Nott'ham Forest,Premier League,MF,MF,30,16.2,1.11,0.19,0.0,1.11,0.19
Toni Kroos,Real Madrid,La Liga,MF,MF,33,13.5,1.11,0.15,0.07,1.11,0.29
Weston McKennie,Juventus,Serie A,MFDF,MF,24,11.7,1.11,0.0,0.0,1.11,0.0
Thomas Partey,Arsenal,Premier League,MF,MF,29,17.1,1.11,0.12,0.0,1.11,0.12
Rodrigo,Leeds United,Premier League,FWMF,FW,31,14.4,1.11,0.21,0.0,1.11,0.21
Florian Sotoca,Lens,Ligue 1,MFFW,MF,32,19.9,1.11,0.15,0.0,1.11,0.15
Édgar González,Betis,La Liga,DF,DF,25,12.7,1.1,0.39,0.08,1.1,0.55
Cédric Hountondji,Angers,Ligue 1,DF,DF,29,21.9,1.1,0.18,0.0,1.1,0.18
Florian Kainz,Köln,Bundesliga,MFFW,MF,30,14.5,1.1,0.28,0.07,1.1,0.42
Alexis Mac Allister,Brighton,Premier League,MF,MF,24,17.2,1.1,0.35,0.0,1.1,0.35
Marlon,Monza,Serie A,DF,DF,27,11.8,1.1,0.25,0.0,1.1,0.25
Terem Moffi,Lorient,Ligue 1,FW,FW,23,15.4,1.1,0.06,0.0,1.1,0.06
Hamari Traoré,Rennes,Ligue 1,DF,DF,31,18.1,1.1,0.22,0.0,1.1,0.22
Rayan Aït Nouri,Wolves,Premier League,DF,DF,21,10.1,1.09,0.3,0.0,1.09,0.3
Gleison Bremer,Juventus,Serie A,DF,DF,25,17.5,1.09,0.23,0.0,1.09,0.23
Matteo Darmian,Inter,Serie A,DF,DF,33,11.0,1.09,0.18,0.0,1.09,0.18
Iñigo Lekue,Athletic Club,La Liga,DF,DF,29,12.8,1.09,0.08,0.0,1.09,0.08
Arkadiusz Milik,Juventus,Serie A,FW,FW,28,11.0,1.09,0.27,0.09,1.09,0.45
Samuel Moutoussamy,Nantes,Ligue 1,MF,MF,26,12.9,1.09,0.39,0.0,1.09,0.39
Darwin Núñez,Liverpool,Premier League,FW,FW,23,11.0,1.09,0.09,0.09,1.09,0.27
Jacob Ramsey,Aston Villa,Premier League,MF,MF,21,13.7,1.09,0.29,0.0,1.09,0.29
Jerdy Schouten,Bologna,Serie A,MF,MF,26,12.9,1.09,0.16,0.0,1.09,0.16
Sandro Tonali,Milan,Serie A,MF,MF,22,17.4,1.09,0.34,0.0,1.09,0.34
Cengiz Ünder,Marseille,Ligue 1,MFDF,MF,25,13.8,1.09,0.14,0.0,1.09,0.14
Kevin Vogt,Hoffenheim,Bundesliga,DF,DF,31,13.7,1.09,0.44,0.0,1.09,0.44
Iñaki Williams,Athletic Club,La Liga,FW,FW,28,16.5,1.09,0.0,0.0,1.09,0.0
Domingos Duarte,Getafe,La Liga,DF,DF,27,18.5,1.08,0.38,0.0,1.08,0.38
Wataru Endo,Stuttgart,Bundesliga,MF,MF,30,18.5,1.08,0.0,0.0,1.08,0.0
Maxime Estève,Montpellier,Ligue 1,DF,DF,20,14.8,1.08,0.2,0.0,1.08,0.2
R?zvan Marin,Empoli,Serie A,MF,MF,26,16.7,1.08,0.3,0.0,1.08,0.3
Aarón Martín,Mainz 05,Bundesliga,DF,DF,25,15.8,1.08,0.06,0.0,1.08,0.06
Gonzalo Melero,Almería,La Liga,MF,MF,29,12.0,1.08,0.25,0.0,1.08,0.25
Tonny Vilhena,Salernitana,Serie A,MF,MF,28,15.7,1.08,0.25,0.0,1.08,0.25
Fernando Calero,Espanyol,La Liga,DFMF,DF,27,13.1,1.07,0.23,0.0,1.07,0.23
Xavier Chavalerin,Troyes,Ligue 1,MF,MF,31,15.0,1.07,0.13,0.0,1.07,0.13
Jonathan Clauss,Marseille,Ligue 1,DF,DF,30,15.9,1.07,0.06,0.0,1.07,0.06
Elvis Rexhbeçaj,Augsburg,Bundesliga,MF,MF,25,17.8,1.07,0.28,0.0,1.07,0.28
Dominik Szoboszlai,RB Leipzig,Bundesliga,MFFW,MF,22,15.0,1.07,0.07,0.07,1.07,0.21
Martin Valjent,Mallorca,La Liga,DF,DF,27,17.8,1.07,0.39,0.0,1.07,0.39
Iván Balliu,Rayo Vallecano,La Liga,DF,DF,31,19.9,1.06,0.15,0.0,1.06,0.15
Diogo Dalot,Manchester Utd,Premier League,DF,DF,23,14.1,1.06,0.35,0.0,1.06,0.35
Joe Gomez,Liverpool,Premier League,DF,DF,25,12.3,1.06,0.24,0.0,1.06,0.24
Kristijan Jaki?,Eint Frankfurt,Bundesliga,DFMF,DF,25,12.3,1.06,0.08,0.0,1.06,0.08
Gary Medel,Bologna,Serie A,MFDF,MF,35,14.1,1.06,0.35,0.0,1.06,0.35
Óscar Plano,Valladolid,La Liga,FWMF,FW,32,14.2,1.06,0.14,0.0,1.06,0.14
Djibril Sow,Eint Frankfurt,Bundesliga,MF,MF,26,17.0,1.06,0.24,0.0,1.06,0.24
Ashley Young,Aston Villa,Premier League,DF,DF,37,13.2,1.06,0.23,0.0,1.06,0.23
Tyrick Mitchell,Crystal Palace,Premier League,DF,DF,23,16.2,1.05,0.25,0.06,1.05,0.37
Ricardo Rodríguez,Torino,Serie A,DF,DF,30,15.3,1.05,0.0,0.0,1.05,0.0
David Silva,Real Sociedad,La Liga,MF,MF,37,12.4,1.05,0.16,0.0,1.05,0.16
Christopher Trimmel,Union Berlin,Bundesliga,DF,DF,35,13.3,1.05,0.08,0.0,1.05,0.08
Maximilian Arnold,Wolfsburg,Bundesliga,MF,MF,28,19.2,1.04,0.21,0.0,1.04,0.21
Ridle Baku,Wolfsburg,Bundesliga,DF,DF,24,19.2,1.04,0.21,0.0,1.04,0.21
Alejandro Balde,Barcelona,La Liga,DF,DF,19,13.4,1.04,0.15,0.0,1.04,0.15
Philip Billing,Bournemouth,Premier League,MFFW,MF,26,17.3,1.04,0.12,0.0,1.04,0.12
Maximiliano Caufriez,Clermont Foot,Ligue 1,DF,DF,25,15.4,1.04,0.52,0.06,1.04,0.64
Morgan Gibbs-White,Nott'ham Forest,Premier League,MFFW,MF,23,17.3,1.04,0.06,0.0,1.04,0.06
Ardian Ismajli,Empoli,Serie A,DF,DF,26,14.4,1.04,0.14,0.0,1.04,0.14
Matthijs de Ligt,Bayern Munich,Bundesliga,DF,DF,23,13.5,1.04,0.22,0.0,1.04,0.22
Erhan Maovi?,Bochum,Bundesliga,DFMF,DF,24,11.5,1.04,0.09,0.0,1.04,0.09
Mads Pedersen,Augsburg,Bundesliga,DFMF,DF,26,11.5,1.04,0.17,0.0,1.04,0.17
Adam Smith,Bournemouth,Premier League,DF,DF,31,20.1,1.04,0.35,0.0,1.04,0.35
Jordan Zemura,Bournemouth,Premier League,DF,DF,23,13.5,1.04,0.07,0.0,1.04,0.07
Naouirou Ahamada,Stuttgart,Bundesliga,MF,MF,20,15.5,1.03,0.26,0.06,1.03,0.38
Jim Allevinah,Clermont Foot,Ligue 1,DFFW,DF,27,13.6,1.03,0.15,0.0,1.03,0.15
Pablo Fornals,West Ham,Premier League,FWMF,FW,26,10.7,1.03,0.0,0.0,1.03,0.0
Nemanja Mati?,Roma,Serie A,MF,MF,34,13.6,1.03,0.15,0.0,1.03,0.15
Joakim Mæhle,Atalanta,Serie A,DFMF,DF,25,11.7,1.03,0.17,0.09,1.03,0.35
Muhammed Saracevic Cham,Clermont Foot,Ligue 1,MF,MF,22,13.6,1.03,0.15,0.0,1.03,0.15
Adrien Tameze,Hellas Verona,Serie A,MF,MF,29,17.4,1.03,0.11,0.0,1.03,0.11
Mitchel Bakker,Leverkusen,Bundesliga,MFDF,MF,22,10.8,1.02,0.37,0.09,1.02,0.55
Mahdi Camara,Brest,Ligue 1,MF,MF,24,12.8,1.02,0.16,0.0,1.02,0.16
Yannick Carrasco,Atlético Madrid,La Liga,DFMF,DF,29,10.8,1.02,0.09,0.0,1.02,0.09
Mouctar Diakhaby,Valencia,La Liga,DF,DF,26,12.8,1.02,0.47,0.08,1.02,0.63
Sehrou Guirassy,Stuttgart,Bundesliga,FW,FW,26,10.8,1.02,0.28,0.09,1.02,0.46
Christian Günter,Freiburg,Bundesliga,DFMF,DF,29,19.6,1.02,0.2,0.0,1.02,0.2
Sean Longstaff,Newcastle Utd,Premier League,MF,MF,25,18.7,1.02,0.11,0.0,1.02,0.11
Emanuele Valeri,Cremonese,Serie A,DFFW,DF,24,16.6,1.02,0.12,0.0,1.02,0.12
Nikola Vlai?,Torino,Serie A,MFFW,MF,25,20.5,1.02,0.05,0.0,1.02,0.05
Martin Ødegaard,Arsenal,Premier League,MF,MF,24,18.7,1.02,0.16,0.0,1.02,0.16
Emmanuel Agbadou,Reims,Ligue 1,DF,DF,25,17.8,1.01,0.11,0.11,1.01,0.33
Komnen Andri?,Clermont Foot,Ligue 1,FW,FW,27,13.9,1.01,0.22,0.0,1.01,0.22
Ýlkay Gündoðan,Manchester City,Premier League,MF,MF,32,13.9,1.01,0.0,0.0,1.01,0.0
Marcel Halstenberg,RB Leipzig,Bundesliga,DF,DF,31,10.9,1.01,0.09,0.0,1.01,0.09
Pierre Højbjerg,Tottenham,Premier League,MF,MF,27,21.8,1.01,0.09,0.0,1.01,0.09
Paulo Otávio,Wolfsburg,Bundesliga,DF,DF,28,15.8,1.01,0.38,0.0,1.01,0.38
Martin Satriano,Empoli,Serie A,FW,FW,21,13.8,1.01,0.22,0.0,1.01,0.22
Dayot Upamecano,Bayern Munich,Bundesliga,DF,DF,24,18.9,1.01,0.16,0.0,1.01,0.16
Danilo,Juventus,Serie A,DF,DF,31,20.1,1.0,0.15,0.0,1.0,0.15
Jakub Kiwior,Spezia,Serie A,DF,DF,22,16.0,1.0,0.19,0.0,1.0,0.19
Gian Marco Ferrari,Sassuolo,Serie A,DF,DF,30,17.0,1.0,0.29,0.0,1.0,0.29
Arnau Martinez,Girona,La Liga,DF,DF,19,15.0,1.0,0.4,0.0,1.0,0.4
Falaye Sacko,Montpellier,Ligue 1,DF,DF,27,14.0,1.0,0.14,0.0,1.0,0.14
Mërgim Vojvoda,Torino,Serie A,DF,DF,28,11.0,1.0,0.09,0.0,1.0,0.09
Sheraldo Becker,Union Berlin,Bundesliga,FW,FW,28,16.2,0.99,0.06,0.0,0.99,0.06
Domagoj Bradari?,Salernitana,Serie A,DF,DF,23,11.1,0.99,0.36,0.0,0.99,0.36
Edimilson Fernandes,Mainz 05,Bundesliga,DF,DF,26,14.1,0.99,0.21,0.0,0.99,0.21
Maxence Lacroix,Wolfsburg,Bundesliga,DF,DF,22,11.1,0.99,0.0,0.0,0.99,0.0
Youssouf Sabaly,Betis,La Liga,DF,DF,29,11.1,0.99,0.0,0.0,0.99,0.0
Joachim Andersen,Crystal Palace,Premier League,DF,DF,26,16.4,0.98,0.18,0.0,0.98,0.18
Bartosz Bereszy?ski,Sampdoria,Serie A,DF,DF,30,13.3,0.98,0.08,0.0,0.98,0.08
Leandro Cabrera,Espanyol,La Liga,DF,DF,31,18.3,0.98,0.16,0.05,0.98,0.26
Matty Cash,Aston Villa,Premier League,DF,DF,25,13.2,0.98,0.23,0.0,0.98,0.23
Lucas Digne,Aston Villa,Premier League,DF,DF,29,12.3,0.98,0.16,0.0,0.98,0.16
Denzel Dumfries,Inter,Serie A,DF,DF,26,13.3,0.98,0.23,0.0,0.98,0.23
Alexis Flips,Reims,Ligue 1,DFMF,DF,23,11.2,0.98,0.09,0.09,0.98,0.27
Ciro Immobile,Lazio,Serie A,FW,FW,32,13.2,0.98,0.23,0.0,0.98,0.23
Pablo Maffeo,Mallorca,La Liga,DF,DF,25,17.3,0.98,0.23,0.06,0.98,0.35
Lisandro Martínez,Manchester Utd,Premier League,DF,DF,25,17.4,0.98,0.23,0.0,0.98,0.23
Amos Pieper,Werder Bremen,Bundesliga,DF,DF,25,16.3,0.98,0.43,0.0,0.98,0.43
Samuele Ricci,Torino,Serie A,MF,MF,21,13.3,0.98,0.3,0.0,0.98,0.3
Rodrygo,Real Madrid,La Liga,FW,FW,22,13.2,0.98,0.08,0.0,0.98,0.08
Florian Tardieu,Troyes,Ligue 1,MF,MF,30,11.2,0.98,0.18,0.0,0.98,0.18
Omar Colley,Sampdoria,Serie A,DF,DF,30,15.4,0.97,0.32,0.0,0.97,0.32
Arne Maier,Augsburg,Bundesliga,MF,MF,24,10.3,0.97,0.1,0.0,0.97,0.1
Guillermo Maripán,Monaco,Ligue 1,DF,DF,28,16.5,0.97,0.12,0.06,0.97,0.24
Thiago Mendes,Lyon,Ligue 1,DFMF,DF,30,16.5,0.97,0.12,0.0,0.97,0.12
Pere Milla,Elche,La Liga,FWMF,FW,30,13.4,0.97,0.3,0.0,0.97,0.3
Adam Armstrong,Southampton,Premier League,FW,FW,26,11.4,0.96,0.0,0.0,0.96,0.0
Melvin Bard,Nice,Ligue 1,DF,DF,22,16.6,0.96,0.24,0.0,0.96,0.24
Haris Belkebla,Brest,Ligue 1,MF,MF,29,16.6,0.96,0.06,0.0,0.96,0.06
Marius Bülter,Schalke 04,Bundesliga,FWMF,FW,29,16.6,0.96,0.24,0.0,0.96,0.24
Merih Demiral,Atalanta,Serie A,DF,DF,24,13.6,0.96,0.29,0.0,0.96,0.29
Joshua Kimmich,Bayern Munich,Bundesliga,MF,MF,28,17.8,0.96,0.28,0.06,0.96,0.4
Koke,Atlético Madrid,La Liga,MF,MF,31,12.5,0.96,0.24,0.0,0.96,0.24
Jules Koundé,Barcelona,La Liga,DF,DF,24,11.5,0.96,0.0,0.0,0.96,0.0
Vitaliy Mykolenko,Everton,Premier League,DFMF,DF,23,19.8,0.96,0.15,0.0,0.96,0.15
Fabiano Parisi,Empoli,Serie A,DF,DF,22,18.8,0.96,0.27,0.05,0.96,0.37
Marvin Plattenhardt,Hertha BSC,Bundesliga,DF,DF,31,13.6,0.96,0.15,0.0,0.96,0.15
Alessio Romagnoli,Lazio,Serie A,DF,DF,28,19.7,0.96,0.05,0.0,0.96,0.05
Enzo Tchato,Montpellier,Ligue 1,DF,DF,20,10.4,0.96,0.1,0.0,0.96,0.1
Kyle Walker-Peters,Southampton,Premier League,DF,DF,25,15.6,0.96,0.13,0.0,0.96,0.13
Andre-Frank Zambo Anguissa,Napoli,Serie A,MF,MF,27,17.7,0.96,0.11,0.0,0.96,0.11
Waldemar Anton,Stuttgart,Bundesliga,DF,DF,26,19.9,0.95,0.15,0.0,0.95,0.15
Ramy Bensebaini,M'Gladbach,Bundesliga,DF,DF,27,17.9,0.95,0.17,0.0,0.95,0.17
Giacomo Bonaventura,Fiorentina,Serie A,MF,MF,33,14.8,0.95,0.2,0.0,0.95,0.2
Benjamin Bourigeaud,Rennes,Ligue 1,MFFW,MF,29,18.9,0.95,0.21,0.05,0.95,0.31
Alexander Djiku,Strasbourg,Ligue 1,DF,DF,28,20.0,0.95,0.1,0.0,0.95,0.1
Gedeon Kalulu,Lorient,Ligue 1,DF,DF,25,19.0,0.95,0.21,0.0,0.95,0.21
Yoann Salmier,Troyes,Ligue 1,DF,DF,30,18.9,0.95,0.21,0.05,0.95,0.31
James Tarkowski,Everton,Premier League,DF,DF,30,21.0,0.95,0.19,0.0,0.95,0.19
James Ward-Prowse,Southampton,Premier League,MF,MF,28,22.0,0.95,0.14,0.0,0.95,0.14
Patrick Ciurria,Monza,Serie A,DFMF,DF,28,13.8,0.94,0.14,0.0,0.94,0.14
Wout Faes,Leicester City,Premier League,DF,DF,24,16.0,0.94,0.13,0.0,0.94,0.13
Miguel Gutiérrez,Girona,La Liga,DF,DF,21,17.0,0.94,0.29,0.0,0.94,0.29
Mats Hummels,Dortmund,Bundesliga,DF,DF,34,12.8,0.94,0.31,0.0,0.94,0.31
Harrison Reed,Fulham,Premier League,MF,MF,28,20.2,0.94,0.25,0.0,0.94,0.25
Marcos Senesi,Bournemouth,Premier League,DF,DF,25,15.9,0.94,0.13,0.0,0.94,0.13
Duan Vlahovi?,Juventus,Serie A,FW,FW,23,10.6,0.94,0.0,0.0,0.94,0.0
Laurent Abergel,Lorient,Ligue 1,MF,MF,30,12.9,0.93,0.16,0.0,0.93,0.16
Branco van den Boomen,Toulouse,Ligue 1,MF,MF,27,21.4,0.93,0.19,0.0,0.93,0.19
Tiago Djaló,Lille,Ligue 1,DF,DF,22,19.3,0.93,0.31,0.0,0.93,0.31
Federico Fazio,Salernitana,Serie A,DF,DF,35,11.8,0.93,0.17,0.08,0.93,0.33
Massadio Haïdara,Lens,Ligue 1,DFMF,DF,30,11.8,0.93,0.25,0.0,0.93,0.25
Valentino Lazaro,Torino,Serie A,DF,DF,26,11.8,0.93,0.34,0.0,0.93,0.34
Mário Rui,Napoli,Serie A,DF,DF,31,15.1,0.93,0.13,0.0,0.93,0.13
Dan Burn,Newcastle Utd,Premier League,DF,DF,30,20.6,0.92,0.1,0.0,0.92,0.1
João Cancelo,Manchester City,Premier League,DF,DF,28,14.2,0.92,0.21,0.07,0.92,0.35
Dani Carvajal,Real Madrid,La Liga,DF,DF,31,12.0,0.92,0.25,0.0,0.92,0.25
Carlos Clerc,Elche,La Liga,DFMF,DF,30,13.0,0.92,0.08,0.0,0.92,0.08
Cristian Gamboa,Bochum,Bundesliga,DF,DF,33,14.1,0.92,0.14,0.0,0.92,0.14
Benjamin Pavard,Bayern Munich,Bundesliga,DF,DF,26,15.3,0.92,0.13,0.0,0.92,0.13
Edmond Tapsoba,Leverkusen,Bundesliga,DF,DF,24,19.6,0.92,0.15,0.0,0.92,0.15
Manuel Akanji,Manchester City,Premier League,DF,DF,27,14.3,0.91,0.07,0.0,0.91,0.07
Federico Baschirotto,Lecce,Serie A,DF,DF,26,22.0,0.91,0.18,0.0,0.91,0.18
Jefferson Lerma,Bournemouth,Premier League,MFDF,MF,28,21.9,0.91,0.14,0.0,0.91,0.14
Stanley N'Soki,Hoffenheim,Bundesliga,DF,DF,23,12.1,0.91,0.08,0.0,0.91,0.08
Folarin Balogun,Reims,Ligue 1,FW,FW,21,17.7,0.9,0.17,0.0,0.9,0.17
Jean-Ricner Bellegarde,Strasbourg,Ligue 1,MF,MF,24,17.7,0.9,0.17,0.0,0.9,0.17
Rémy Cabella,Lille,Ligue 1,MFFW,MF,32,13.3,0.9,0.15,0.0,0.9,0.15
Davide Calabria,Milan,Serie A,DF,DF,26,11.1,0.9,0.36,0.0,0.9,0.36
Kevin De Bruyne,Manchester City,Premier League,MF,MF,31,17.8,0.9,0.06,0.0,0.9,0.06
Frenkie de Jong,Barcelona,La Liga,MF,MF,25,14.5,0.9,0.0,0.0,0.9,0.0
Gaëtan Laborde,Nice,Ligue 1,FW,FW,28,15.5,0.9,0.0,0.0,0.9,0.0
Ademola Lookman,Atalanta,Serie A,FWMF,FW,25,14.4,0.9,0.14,0.0,0.9,0.14
Linton Maina,Köln,Bundesliga,FWMF,FW,23,12.2,0.9,0.0,0.0,0.9,0.0
Óliver Torres,Sevilla,La Liga,MFFW,MF,28,15.6,0.9,0.06,0.0,0.9,0.06
Adrien Truffert,Rennes,Ligue 1,DF,DF,21,17.7,0.9,0.06,0.0,0.9,0.06
Cristiano Biraghi,Fiorentina,Serie A,DF,DF,30,18.0,0.89,0.0,0.0,0.89,0.0
Enzo Ebosse,Udinese,Serie A,DF,DF,23,10.1,0.89,0.3,0.0,0.89,0.3
Serge Gnabry,Bayern Munich,Bundesliga,FWMF,FW,27,12.3,0.89,0.0,0.0,0.89,0.0
Joko Gvardiol,RB Leipzig,Bundesliga,DF,DF,21,13.5,0.89,0.07,0.0,0.89,0.07
Vitaly Janelt,Brentford,Premier League,MFDF,MF,24,15.8,0.89,0.06,0.0,0.89,0.06
Maxime Lopez,Sassuolo,Serie A,MF,MF,25,12.4,0.89,0.48,0.0,0.89,0.48
Arnaud Nordin,Montpellier,Ligue 1,FWMF,FW,24,12.4,0.89,0.16,0.0,0.89,0.16
Riad Nouri,Ajaccio,Ligue 1,MF,MF,37,13.5,0.89,0.22,0.0,0.89,0.22
Unai Núñez,Celta Vigo,La Liga,DF,DF,26,19.0,0.89,0.26,0.0,0.89,0.26
Martin Erlic,Sassuolo,Serie A,DF,DF,25,13.6,0.88,0.15,0.0,0.88,0.15
Malo Gusto,Lyon,Ligue 1,DF,DF,19,16.0,0.88,0.06,0.0,0.88,0.06
Azzedine Ounahi,Angers,Ligue 1,MFFW,MF,22,12.5,0.88,0.08,0.0,0.88,0.08
Leroy Sané,Bayern Munich,Bundesliga,MFFW,MF,27,13.6,0.88,0.29,0.0,0.88,0.29
Matteo Bianchetti,Cremonese,Serie A,DF,DF,29,13.8,0.87,0.07,0.0,0.87,0.07
Lilian Brassier,Brest,Ligue 1,DF,DF,23,18.4,0.87,0.16,0.0,0.87,0.16
Jonathan David,Lille,Ligue 1,FW,FW,23,19.5,0.87,0.15,0.0,0.87,0.15
Jeffrey Gouweleeuw,Augsburg,Bundesliga,DF,DF,31,18.3,0.87,0.38,0.0,0.87,0.38
David López,Girona,La Liga,DF,DF,33,10.4,0.87,0.29,0.0,0.87,0.29
Jhon Lucumí,Bologna,Serie A,DF,DF,24,17.2,0.87,0.29,0.0,0.87,0.29
Omar Mascarell,Elche,La Liga,MF,MF,30,17.2,0.87,0.29,0.0,0.87,0.29
Kim Min-jae,Napoli,Serie A,DF,DF,26,19.5,0.87,0.21,0.0,0.87,0.21
Dango Ouattara,Lorient,Ligue 1,FWMF,FW,21,17.2,0.87,0.17,0.06,0.87,0.29
Roberto Pereyra,Udinese,Serie A,DFMF,DF,32,17.2,0.87,0.23,0.0,0.87,0.23
Yoane Wissa,Brentford,Premier League,FW,FW,26,10.4,0.87,0.19,0.0,0.87,0.19
Dante,Nice,Ligue 1,DF,DF,39,22.0,0.86,0.18,0.0,0.86,0.18
Boulaye Dia,Salernitana,Serie A,FW,FW,26,16.3,0.86,0.06,0.0,0.86,0.06
Yasser Larouci,Troyes,Ligue 1,DFFW,DF,22,12.8,0.86,0.08,0.0,0.86,0.08
Nehuén Pérez,Udinese,Serie A,DF,DF,22,17.5,0.86,0.17,0.06,0.86,0.29
Romano Schmid,Werder Bremen,Bundesliga,MF,MF,23,10.5,0.86,0.1,0.0,0.86,0.1
Fikayo Tomori,Milan,Serie A,DF,DF,25,17.5,0.86,0.11,0.0,0.86,0.11
Ezequiel Ávila,Osasuna,La Liga,FWMF,FW,29,12.9,0.85,0.39,0.08,0.85,0.55
Alessandro Bastoni,Inter,Serie A,DF,DF,23,14.1,0.85,0.14,0.0,0.85,0.14
José Fonte,Lille,Ligue 1,DF,DF,39,17.7,0.85,0.23,0.0,0.85,0.23
Antoine Griezmann,Atlético Madrid,La Liga,FWMF,FW,31,14.1,0.85,0.0,0.0,0.85,0.0
Luiz Henrique,Betis,La Liga,FW,FW,22,12.9,0.85,0.31,0.0,0.85,0.31
Jorginho,Chelsea,Premier League,MF,MF,31,14.2,0.85,0.28,0.0,0.85,0.28
Banzouzi Locko,Reims,Ligue 1,DF,DF,20,11.8,0.85,0.25,0.08,0.85,0.41
Michael Olise,Crystal Palace,Premier League,MFFW,MF,21,15.3,0.85,0.13,0.0,0.85,0.13
Rodrigo Ely,Almería,La Liga,DF,DF,29,19.1,0.84,0.26,0.05,0.84,0.36
Pascal Groß,Brighton,Premier League,MFDF,MF,31,20.2,0.84,0.1,0.0,0.84,0.1
Lorenzo Pellegrini,Roma,Serie A,MF,MF,26,17.9,0.84,0.11,0.0,0.84,0.11
Raúl Albiol,Villarreal,La Liga,DF,DF,37,16.9,0.83,0.3,0.0,0.83,0.3
Marco Friedl,Werder Bremen,Bundesliga,DF,DF,24,16.8,0.83,0.3,0.06,0.83,0.42
Franck Honorat,Brest,Ligue 1,FWMF,FW,26,19.2,0.83,0.05,0.0,0.83,0.05
Harry Kane,Tottenham,Premier League,FW,FW,29,22.8,0.83,0.18,0.0,0.83,0.18
Danilo Pereira,Paris S-G,Ligue 1,DFMF,DF,31,13.2,0.83,0.15,0.0,0.83,0.15
Antonee Robinson,Fulham,Premier League,DF,DF,25,19.3,0.83,0.26,0.0,0.83,0.26
Erling Haaland,Manchester City,Premier League,FW,FW,22,18.2,0.82,0.16,0.0,0.82,0.16
Marc-Oliver Kempf,Hertha BSC,Bundesliga,DF,DF,28,18.4,0.82,0.22,0.0,0.82,0.22
Jesper Lindstrøm,Eint Frankfurt,Bundesliga,MFFW,MF,22,13.4,0.82,0.15,0.0,0.82,0.15
Konstantinos Mavropanos,Stuttgart,Bundesliga,DF,DF,25,15.8,0.82,0.32,0.0,0.82,0.32
Marcus Tavernier,Bournemouth,Premier League,MFFW,MF,23,14.6,0.82,0.07,0.0,0.82,0.07
Martin Terrier,Rennes,Ligue 1,FWMF,FW,25,14.7,0.82,0.0,0.0,0.82,0.0
Sergio Akieme,Almería,La Liga,DF,DF,25,21.0,0.81,0.19,0.0,0.81,0.19
Marc Cucurella,Chelsea,Premier League,DF,DF,24,14.9,0.81,0.13,0.0,0.81,0.13
Josh Dasilva,Brentford,Premier League,MF,MF,24,11.1,0.81,0.09,0.0,0.81,0.09
Pierre Kalulu,Milan,Serie A,DF,DF,22,18.6,0.81,0.11,0.0,0.81,0.11
Armand Lauriente,Sassuolo,Serie A,FW,FW,24,13.6,0.81,0.37,0.07,0.81,0.51
Rúben Neves,Wolves,Premier League,MF,MF,25,21.0,0.81,0.33,0.0,0.81,0.33
David Okereke,Cremonese,Serie A,FWMF,FW,25,16.0,0.81,0.25,0.0,0.81,0.25
Pedro,Lazio,Serie A,FW,FW,35,12.4,0.81,0.08,0.0,0.81,0.08
Nicolas Pépé,Nice,Ligue 1,FWMF,FW,27,13.6,0.81,0.15,0.0,0.81,0.15
Tetê,Lyon,Ligue 1,FWMF,FW,22,12.3,0.81,0.24,0.0,0.81,0.24
Granit Xhaka,Arsenal,Premier League,MF,MF,30,19.8,0.81,0.15,0.0,0.81,0.15
Sr?an Babi?,Almería,La Liga,DF,DF,26,17.5,0.8,0.17,0.0,0.8,0.17
Jonny Castro,Wolves,Premier League,DF,DF,28,11.3,0.8,0.27,0.0,0.8,0.27
Achraf Dari,Brest,Ligue 1,DF,DF,23,10.0,0.8,0.1,0.0,0.8,0.1
Lloyd Kelly,Bournemouth,Premier League,DF,DF,24,10.0,0.8,0.2,0.0,0.8,0.2
José María Giménez,Atlético Madrid,La Liga,DF,DF,28,11.2,0.8,0.45,0.0,0.8,0.45
Adama Traoré,Wolves,Premier League,FWMF,FW,27,10.0,0.8,0.0,0.0,0.8,0.0
Sebastiaan Bornauw,Wolfsburg,Bundesliga,DF,DF,23,12.6,0.79,0.32,0.0,0.79,0.32
Timothy Castagne,Leicester City,Premier League,DF,DF,27,20.2,0.79,0.1,0.0,0.79,0.1
Catena,Rayo Vallecano,La Liga,DF,DF,28,19.0,0.79,0.32,0.0,0.79,0.32
Nathan Collins,Wolves,Premier League,DF,DF,21,16.4,0.79,0.12,0.06,0.79,0.24
Juan Cruz Armada,Osasuna,La Liga,DF,DF,30,14.0,0.79,0.29,0.0,0.79,0.29
Harvey Elliott,Liverpool,Premier League,MFFW,MF,19,12.6,0.79,0.08,0.0,0.79,0.08
Mario Götze,Eint Frankfurt,Bundesliga,MF,MF,30,17.8,0.79,0.06,0.0,0.79,0.06
Pablo Marí,Monza,Serie A,DF,DF,29,12.6,0.79,0.16,0.0,0.79,0.16
Rasmus Nicolaisen,Toulouse,Ligue 1,DF,DF,25,20.3,0.79,0.2,0.05,0.79,0.3
Nicolas Pallois,Nantes,Ligue 1,DF,DF,35,15.2,0.79,0.2,0.07,0.79,0.34
Lucas Perrin,Strasbourg,Ligue 1,DF,DF,24,10.1,0.79,0.1,0.0,0.79,0.1
Sanjin Prci?,Strasbourg,Ligue 1,MF,MF,29,15.2,0.79,0.07,0.07,0.79,0.21
Fali,Cádiz,La Liga,DFMF,DF,29,10.2,0.78,0.39,0.0,0.78,0.39
Arthur Theate,Rennes,Ligue 1,DF,DF,22,21.9,0.78,0.14,0.0,0.78,0.14
Isaac Carcelen,Cádiz,La Liga,DF,DF,29,11.7,0.77,0.17,0.17,0.77,0.51
Giovanni Di Lorenzo,Napoli,Serie A,DF,DF,29,20.9,0.77,0.1,0.0,0.77,0.1
Josh Doig,Hellas Verona,Serie A,DF,DF,20,10.4,0.77,0.0,0.0,0.77,0.0
Theo Hernández,Milan,Serie A,DF,DF,25,18.3,0.77,0.27,0.0,0.77,0.27
Rafael Leão,Milan,Serie A,FWMF,FW,23,16.9,0.77,0.36,0.06,0.77,0.48
Clément Lenglet,Tottenham,Premier League,DF,DF,27,10.4,0.77,0.19,0.0,0.77,0.19
Jordan Lotomba,Nice,Ligue 1,DFMF,DF,24,18.2,0.77,0.16,0.0,0.77,0.16
Declan Rice,West Ham,Premier League,MF,MF,24,22.0,0.77,0.14,0.0,0.77,0.14
Joe Rodon,Rennes,Ligue 1,DF,DF,25,13.0,0.77,0.15,0.08,0.77,0.31
William Saliba,Arsenal,Premier League,DF,DF,21,20.8,0.77,0.19,0.0,0.77,0.19
Nico Williams,Athletic Club,La Liga,FWMF,FW,20,18.2,0.77,0.05,0.0,0.77,0.05
Martin Braithwaite,Espanyol,La Liga,FWMF,FW,31,13.2,0.76,0.15,0.08,0.76,0.31
Sergi Darder,Espanyol,La Liga,MF,MF,29,19.7,0.76,0.1,0.0,0.76,0.1
Eberechi Eze,Crystal Palace,Premier League,MFFW,MF,24,17.2,0.76,0.06,0.0,0.76,0.06
Anthony Jung,Werder Bremen,Bundesliga,DFFW,DF,31,17.2,0.76,0.0,0.0,0.76,0.0
Andrea Pinamonti,Sassuolo,Serie A,FW,FW,23,14.5,0.76,0.14,0.0,0.76,0.14
Yeray Álvarez,Athletic Club,La Liga,DF,DF,28,17.4,0.75,0.17,0.06,0.75,0.29
Nicolò Casale,Lazio,Serie A,DF,DF,24,14.6,0.75,0.27,0.0,0.75,0.27
Germán Pezzella,Betis,La Liga,DF,DF,31,15.9,0.75,0.13,0.13,0.75,0.39
Raphinha,Barcelona,La Liga,FW,FW,26,10.7,0.75,0.28,0.0,0.75,0.28
Hamza Sakhi,Auxerre,Ligue 1,MF,MF,26,17.4,0.75,0.06,0.0,0.75,0.06
Joe Aribo,Southampton,Premier League,MFFW,MF,26,12.2,0.74,0.16,0.0,0.74,0.16
Jean-Charles Castelletto,Nantes,Ligue 1,DF,DF,28,16.3,0.74,0.12,0.0,0.74,0.12
Alex Král,Schalke 04,Bundesliga,MF,MF,24,12.2,0.74,0.08,0.0,0.74,0.08
Francesco Acerbi,Inter,Serie A,DF,DF,35,12.3,0.73,0.24,0.0,0.73,0.24
Fran Beltrán,Celta Vigo,La Liga,MF,MF,24,17.9,0.73,0.17,0.0,0.73,0.17
Lewis Cook,Bournemouth,Premier League,MF,MF,26,16.5,0.73,0.12,0.0,0.73,0.12
Liam Cooper,Leeds United,Premier League,DF,DF,31,12.3,0.73,0.16,0.0,0.73,0.16
Axel Disasi,Monaco,Ligue 1,DF,DF,24,22.0,0.73,0.09,0.0,0.73,0.09
Jonas Hector,Köln,Bundesliga,DF,DF,32,16.4,0.73,0.0,0.0,0.73,0.0
Jamal Musiala,Bayern Munich,Bundesliga,MFFW,MF,19,15.1,0.73,0.07,0.0,0.73,0.07
Nathan Patterson,Everton,Premier League,DFMF,DF,21,11.0,0.73,0.27,0.0,0.73,0.27
Rico Henry,Brentford,Premier League,DF,DF,25,20.9,0.72,0.0,0.0,0.72,0.0
Stanislav Lobotka,Napoli,Serie A,MF,MF,28,19.4,0.72,0.05,0.0,0.72,0.05
Rony Lopes,Troyes,Ligue 1,MFFW,MF,27,13.8,0.72,0.14,0.0,0.72,0.14
Borja Mayoral,Getafe,La Liga,FW,FW,25,18.0,0.72,0.17,0.0,0.72,0.17
Erik Palmer-Brown,Troyes,Ligue 1,DF,DF,25,20.9,0.72,0.1,0.0,0.72,0.1
Daniel Parejo,Villarreal,La Liga,MF,MF,33,19.5,0.72,0.1,0.0,0.72,0.1
Axel Witsel,Atlético Madrid,La Liga,DFMF,DF,34,13.9,0.72,0.14,0.0,0.72,0.14
Wissam Ben Yedder,Monaco,Ligue 1,FW,FW,32,12.6,0.71,0.08,0.0,0.71,0.08
Andreas Bruus,Troyes,Ligue 1,DFFW,DF,24,11.3,0.71,0.18,0.0,0.71,0.18
Danilo Cataldi,Lazio,Serie A,MF,MF,28,15.5,0.71,0.26,0.0,0.71,0.26
Samuel Chukwueze,Villarreal,La Liga,FWMF,FW,23,11.2,0.71,0.09,0.0,0.71,0.09
Marc Guéhi,Crystal Palace,Premier League,DF,DF,22,21.0,0.71,0.33,0.0,0.71,0.33
Hiroki Ito,Stuttgart,Bundesliga,DF,DF,23,17.0,0.71,0.24,0.0,0.71,0.24
Bryan Mbeumo,Brentford,Premier League,FW,FW,23,18.4,0.71,0.22,0.0,0.71,0.22
Rogério,Sassuolo,Serie A,DF,DF,25,18.3,0.71,0.27,0.0,0.71,0.27
Mohamed Salah,Liverpool,Premier League,FW,FW,30,19.7,0.71,0.0,0.0,0.71,0.0
Pau Torres,Villarreal,La Liga,DF,DF,26,17.0,0.71,0.41,0.0,0.71,0.41
Nicola Zalewski,Roma,Serie A,DF,DF,21,12.6,0.71,0.16,0.0,0.71,0.16
Nathan Aké,Manchester City,Premier League,DF,DF,27,12.8,0.7,0.0,0.0,0.7,0.0
Matthias Ginter,Freiburg,Bundesliga,DF,DF,29,20.0,0.7,0.1,0.0,0.7,0.1
Riyad Mahrez,Manchester City,Premier League,FWMF,FW,31,10.0,0.7,0.2,0.0,0.7,0.2
Adam Marui?,Lazio,Serie A,DF,DF,30,21.3,0.7,0.19,0.0,0.7,0.19
Christopher Nkunku,RB Leipzig,Bundesliga,FWMF,FW,25,14.2,0.7,0.07,0.0,0.7,0.07
Javi Puado,Espanyol,La Liga,FWMF,FW,24,12.8,0.7,0.23,0.0,0.7,0.23
Ben White,Arsenal,Premier League,DF,DF,25,18.7,0.7,0.21,0.0,0.7,0.21
Arber Zeneli,Reims,Ligue 1,FWMF,FW,27,10.0,0.7,0.0,0.0,0.7,0.0
Miguel Almirón,Newcastle Utd,Premier League,FW,FW,29,20.2,0.69,0.05,0.0,0.69,0.05
Étienne Capoue,Villarreal,La Liga,MF,MF,34,13.0,0.69,0.08,0.0,0.69,0.08
Lucas Martínez Quarta,Fiorentina,Serie A,DF,DF,26,13.1,0.69,0.15,0.0,0.69,0.15
Chris Mepham,Bournemouth,Premier League,DF,DF,25,17.3,0.69,0.29,0.0,0.69,0.29
Gerard Moreno,Villarreal,La Liga,FW,FW,30,10.2,0.69,0.2,0.0,0.69,0.2
Gonzalo Plata,Valladolid,La Liga,FWMF,FW,22,10.2,0.69,0.0,0.0,0.69,0.0
Jordi Alba,Barcelona,La Liga,DF,DF,33,10.3,0.68,0.39,0.1,0.68,0.59
Joaquín Fernández,Valladolid,La Liga,DF,DF,26,14.6,0.68,0.21,0.0,0.68,0.21
Antonino Gallo,Lecce,Serie A,DF,DF,23,14.8,0.68,0.2,0.07,0.68,0.34
Ismaily,Lille,Ligue 1,DF,DF,33,16.1,0.68,0.0,0.0,0.68,0.0
Tyrone Mings,Aston Villa,Premier League,DF,DF,29,19.0,0.68,0.21,0.0,0.68,0.21
Willi Orban,RB Leipzig,Bundesliga,DF,DF,30,19.0,0.68,0.05,0.0,0.68,0.05
Andrew Robertson,Liverpool,Premier League,DF,DF,28,14.7,0.68,0.0,0.0,0.68,0.0
Rafael Tolói,Atalanta,Serie A,DF,DF,32,16.1,0.68,0.19,0.0,0.68,0.19
Leandro Trossard,Brighton,Premier League,FWMF,FW,28,14.6,0.68,0.07,0.0,0.68,0.07
Serge Aurier,Nott'ham Forest,Premier League,DF,DF,30,12.0,0.67,0.17,0.0,0.67,0.17
Seko Fofana,Lens,Ligue 1,MF,MF,27,19.4,0.67,0.05,0.0,0.67,0.05
Nemanja Gudelj,Sevilla,La Liga,DFMF,DF,31,17.8,0.67,0.28,0.0,0.67,0.28
Manuel Lazzari,Lazio,Serie A,DF,DF,29,13.5,0.67,0.37,0.0,0.67,0.37
Florian Lejeune,Rayo Vallecano,La Liga,DF,DF,31,16.5,0.67,0.24,0.06,0.67,0.36
Florent Ogier,Clermont Foot,Ligue 1,DF,DF,33,10.5,0.67,0.19,0.0,0.67,0.19
Fabián Ruiz Peña,Paris S-G,Ligue 1,MF,MF,26,10.5,0.67,0.0,0.0,0.67,0.0
Jean-Clair Todibo,Nice,Ligue 1,DF,DF,23,19.5,0.67,0.21,0.1,0.67,0.41
Tosin Adarabioyo,Fulham,Premier League,DF,DF,25,12.2,0.66,0.16,0.0,0.66,0.16
David Pereira da Costa,Lens,Ligue 1,MFFW,MF,22,13.7,0.66,0.07,0.0,0.66,0.07
Khvicha Kvaratskhelia,Napoli,Serie A,FW,FW,22,13.7,0.66,0.0,0.0,0.66,0.0
Ollie Watkins,Aston Villa,Premier League,FW,FW,27,18.1,0.66,0.06,0.0,0.66,0.06
Jaka Bijol,Udinese,Serie A,DF,DF,24,15.4,0.65,0.26,0.0,0.65,0.26
Trevoh Chalobah,Chelsea,Premier League,DF,DF,23,10.8,0.65,0.28,0.0,0.65,0.28
Moussa Diaby,Leverkusen,Bundesliga,FW,FW,23,18.4,0.65,0.11,0.0,0.65,0.11
Francisco Garcia,Rayo Vallecano,La Liga,DF,DF,23,19.9,0.65,0.0,0.0,0.65,0.0
Junya Ito,Reims,Ligue 1,FW,FW,29,16.8,0.65,0.12,0.06,0.65,0.24
Arnaud Kalimuendo,Rennes,Ligue 1,FW,FW,21,10.8,0.65,0.0,0.0,0.65,0.0
Nahuel Molina,Atlético Madrid,La Liga,DF,DF,24,15.3,0.65,0.2,0.07,0.65,0.34
Iker Muniain,Athletic Club,La Liga,MF,MF,30,12.3,0.65,0.08,0.0,0.65,0.08
Mickey van de Ven,Wolfsburg,Bundesliga,DF,DF,21,20.0,0.65,0.2,0.0,0.65,0.2
Jarrod Bowen,West Ham,Premier League,FWMF,FW,26,21.9,0.64,0.05,0.0,0.64,0.05
Valentin Gendrey,Lecce,Serie A,DF,DF,22,20.2,0.64,0.15,0.0,0.64,0.15
Bernardo Silva,Manchester City,Premier League,MFFW,MF,28,15.7,0.64,0.13,0.0,0.64,0.13
Antonín Barák,Fiorentina,Serie A,MF,MF,28,11.1,0.63,0.18,0.0,0.63,0.18
Pedro Bigas,Elche,La Liga,DF,DF,32,14.2,0.63,0.21,0.14,0.63,0.49
Neto Borges,Clermont Foot,Ligue 1,DF,DF,26,19.0,0.63,0.16,0.05,0.63,0.26
Joselu,Espanyol,La Liga,FW,FW,32,19.0,0.63,0.05,0.0,0.63,0.05
Robin Knoche,Union Berlin,Bundesliga,DF,DF,30,19.0,0.63,0.16,0.0,0.63,0.16
Caio Henrique Oliveira Silva,Monaco,Ligue 1,DF,DF,25,19.0,0.63,0.16,0.0,0.63,0.16
Raphaël Varane,Manchester Utd,Premier League,DF,DF,29,14.4,0.63,0.07,0.0,0.63,0.07
Brenden Aaronson,Leeds United,Premier League,MFFW,MF,22,17.7,0.62,0.11,0.0,0.62,0.11
Gabriel Dos Santos,Arsenal,Premier League,DF,DF,25,21.0,0.62,0.19,0.0,0.62,0.19
Nico Schlotterbeck,Dortmund,Bundesliga,DF,DF,23,19.3,0.62,0.16,0.0,0.62,0.16
Silvan Widmer,Mainz 05,Bundesliga,DF,DF,29,13.0,0.62,0.0,0.0,0.62,0.0
Federico Dimarco,Inter,Serie A,DF,DF,25,16.3,0.61,0.0,0.0,0.61,0.0
Paulo Dybala,Roma,Serie A,MFFW,MF,29,13.1,0.61,0.23,0.0,0.61,0.23
Christian Eriksen,Manchester Utd,Premier League,MF,MF,30,16.5,0.61,0.18,0.0,0.61,0.18
Jeremie Frimpong,Leverkusen,Bundesliga,DFMF,DF,22,17.9,0.61,0.11,0.0,0.61,0.11
Chancel Mbemba,Marseille,Ligue 1,DF,DF,28,21.4,0.61,0.09,0.0,0.61,0.09
Petar Stojanovi?,Empoli,Serie A,DF,DF,27,13.1,0.61,0.23,0.0,0.61,0.23
Joseph Aidoo,Celta Vigo,La Liga,DF,DF,27,20.0,0.6,0.15,0.0,0.6,0.15
Luis Alberto,Lazio,Serie A,MF,MF,30,11.7,0.6,0.09,0.0,0.6,0.09
Saïd Benrahma,West Ham,Premier League,FWMF,FW,27,13.3,0.6,0.0,0.0,0.6,0.0
Karim Benzema,Real Madrid,La Liga,FW,FW,35,11.6,0.6,0.09,0.0,0.6,0.09
Stefan Mitrovi?,Getafe,La Liga,DF,DF,32,11.6,0.6,0.26,0.0,0.6,0.26
Amir Rrahmani,Napoli,Serie A,DF,DF,28,13.4,0.6,0.07,0.0,0.6,0.07
Chris Smalling,Roma,Serie A,DF,DF,33,21.7,0.6,0.18,0.0,0.6,0.18
Maya Yoshida,Schalke 04,Bundesliga,DF,DF,34,19.9,0.6,0.15,0.0,0.6,0.15
Iago Aspas,Celta Vigo,La Liga,FW,FW,35,18.5,0.59,0.22,0.0,0.59,0.22
Anthony Caci,Mainz 05,Bundesliga,DF,DF,25,11.8,0.59,0.0,0.0,0.59,0.0
Gerard Deulofeu,Udinese,Serie A,FW,FW,28,13.5,0.59,0.07,0.0,0.59,0.07
Aleix García,Girona,La Liga,MF,MF,25,20.3,0.59,0.05,0.0,0.59,0.05
Dimitris Nikolaou,Spezia,Serie A,DF,DF,24,18.8,0.59,0.32,0.05,0.59,0.42
Anthony Rouault,Toulouse,Ligue 1,DF,DF,21,21.9,0.59,0.09,0.0,0.59,0.09
Roberto Firmino,Liverpool,Premier League,FWMF,FW,31,10.3,0.58,0.0,0.0,0.58,0.0
Jonas Hofmann,M'Gladbach,Bundesliga,FW,FW,30,15.6,0.58,0.06,0.0,0.58,0.06
Iago,Augsburg,Bundesliga,DFMF,DF,25,12.1,0.58,0.33,0.08,0.58,0.49
James Justin,Leicester City,Premier League,DF,DF,24,13.9,0.58,0.0,0.0,0.58,0.0
Sebastiano Luperto,Empoli,Serie A,DF,DF,26,19.0,0.58,0.16,0.11,0.58,0.38
Milo Veljkovi?,Werder Bremen,Bundesliga,DF,DF,27,13.9,0.58,0.07,0.0,0.58,0.07
Stefan de Vrij,Inter,Serie A,DF,DF,31,12.1,0.58,0.08,0.0,0.58,0.08
Cédric Avinel,Ajaccio,Ligue 1,DF,DF,36,12.2,0.57,0.08,0.08,0.57,0.24
Nedim Bajrami,Empoli,Serie A,MFFW,MF,23,10.5,0.57,0.1,0.0,0.57,0.1
Sergio Camello,Rayo Vallecano,La Liga,FW,FW,22,15.9,0.57,0.06,0.0,0.57,0.06
Lewis Dunk,Brighton,Premier League,DF,DF,31,21.0,0.57,0.1,0.0,0.57,0.1
Luca Kilian,Köln,Bundesliga,DF,DF,23,12.2,0.57,0.41,0.16,0.57,0.73
Youssoufa Moukoko,Dortmund,Bundesliga,FW,FW,18,10.5,0.57,0.0,0.0,0.57,0.0
Mateusz Wieteska,Clermont Foot,Ligue 1,DF,DF,26,23.0,0.57,0.17,0.0,0.57,0.17
Nicolas Cozza,Montpellier,Ligue 1,DF,DF,24,14.2,0.56,0.21,0.0,0.56,0.21
Eric Dier,Tottenham,Premier League,DF,DF,29,21.3,0.56,0.09,0.0,0.56,0.09
Adrien Hunou,Angers,Ligue 1,FWMF,FW,29,17.7,0.56,0.06,0.0,0.56,0.06
Miha Bla?i?,Angers,Ligue 1,DF,DF,29,16.5,0.55,0.12,0.0,0.55,0.12
Issa Diop,Fulham,Premier League,DF,DF,26,12.7,0.55,0.08,0.0,0.55,0.08
Danilho Doekhi,Union Berlin,Bundesliga,DF,DF,24,10.9,0.55,0.0,0.0,0.55,0.0
Moi Gómez,Osasuna,La Liga,MFFW,MF,28,18.2,0.55,0.16,0.0,0.55,0.16
Kylian Mbappé,Paris S-G,Ligue 1,FW,FW,24,16.3,0.55,0.18,0.0,0.55,0.18
Borna Sosa,Stuttgart,Bundesliga,DFMF,DF,25,11.0,0.55,0.36,0.0,0.55,0.36
Montassar Talbi,Lorient,Ligue 1,DF,DF,24,22.0,0.55,0.0,0.0,0.55,0.0
Piotr Zieli?ski,Napoli,Serie A,MF,MF,28,14.6,0.55,0.07,0.0,0.55,0.07
Amine Salama,Angers,Ligue 1,FWMF,FW,22,11.1,0.54,0.09,0.0,0.54,0.09
Armel Bella Kotchap,Southampton,Premier League,DF,DF,21,11.4,0.53,0.09,0.0,0.53,0.09
Demarai Gray,Everton,Premier League,FWMF,FW,26,18.7,0.53,0.05,0.0,0.53,0.05
Luis Hernández,Cádiz,La Liga,DF,DF,33,19.0,0.53,0.26,0.05,0.53,0.36
Julien Laporte,Lorient,Ligue 1,DF,DF,29,17.1,0.53,0.06,0.0,0.53,0.06
Karl Toko Ekambi,Lyon,Ligue 1,FWMF,FW,30,15.0,0.53,0.07,0.0,0.53,0.07
Johan Gastien,Clermont Foot,Ligue 1,MF,MF,35,17.4,0.52,0.29,0.0,0.52,0.29
Ruben Loftus-Cheek,Chelsea,Premier League,MFDF,MF,27,11.5,0.52,0.09,0.0,0.52,0.09
Moses Simon,Nantes,Ligue 1,FWMF,FW,27,17.4,0.52,0.17,0.0,0.52,0.17
Angeliño,Hoffenheim,Bundesliga,DF,DF,26,17.7,0.51,0.11,0.0,0.51,0.11
Pedro Chirivella,Nantes,Ligue 1,MF,MF,25,17.7,0.51,0.06,0.0,0.51,0.06
Trent Alexander-Arnold,Liverpool,Premier League,DF,DF,24,16.0,0.5,0.19,0.0,0.5,0.19
Sergio León,Valladolid,La Liga,FW,FW,34,10.1,0.5,0.0,0.1,0.5,0.2
Quentin Merlin,Nantes,Ligue 1,DF,DF,20,14.1,0.5,0.07,0.0,0.5,0.07
Tanguy Nianzou,Sevilla,La Liga,DF,DF,20,10.1,0.5,0.1,0.1,0.5,0.3
Adam Webster,Brighton,Premier League,DF,DF,28,13.9,0.5,0.07,0.0,0.5,0.07
Jordan Henderson,Liverpool,Premier League,MF,MF,32,10.2,0.49,0.1,0.0,0.49,0.1
Scott McKenna,Nott'ham Forest,Premier League,DF,DF,26,16.2,0.49,0.25,0.0,0.49,0.25
Ben Mee,Brentford,Premier League,DF,DF,33,20.4,0.49,0.05,0.0,0.49,0.05
Kaoru Mitoma,Brighton,Premier League,FWDF,FW,25,10.3,0.49,0.0,0.0,0.49,0.0
Kurt Zouma,West Ham,Premier League,DF,DF,28,14.2,0.49,0.0,0.0,0.49,0.0
Álvaro Aguado,Valladolid,La Liga,MF,MF,26,12.6,0.48,0.16,0.0,0.48,0.16
Sven Botman,Newcastle Utd,Premier League,DF,DF,23,18.7,0.48,0.05,0.0,0.48,0.05
Sergi Gómez,Espanyol,La Liga,DF,DF,30,12.5,0.48,0.08,0.08,0.48,0.24
Alex Iwobi,Everton,Premier League,MF,MF,26,20.8,0.48,0.1,0.0,0.48,0.1
Jakub Kami?ski,Wolfsburg,Bundesliga,FWMF,FW,20,12.6,0.48,0.0,0.0,0.48,0.0
José Luis Gayà,Valencia,La Liga,DF,DF,27,16.5,0.48,0.18,0.0,0.48,0.18
Tim Ream,Fulham,Premier League,DF,DF,35,23.0,0.48,0.09,0.0,0.48,0.09
Fabian Schär,Newcastle Utd,Premier League,DF,DF,31,20.8,0.48,0.19,0.0,0.48,0.19
Jonathan Tah,Leverkusen,Bundesliga,DF,DF,27,16.6,0.48,0.24,0.0,0.48,0.24
Steve Cook,Nott'ham Forest,Premier League,DF,DF,31,10.6,0.47,0.38,0.0,0.47,0.38
Aaron Cresswell,West Ham,Premier League,DF,DF,33,17.0,0.47,0.12,0.0,0.47,0.12
Son Heung-min,Tottenham,Premier League,MFFW,MF,30,19.2,0.47,0.05,0.0,0.47,0.05
Philipp Lienhart,Freiburg,Bundesliga,DF,DF,26,19.3,0.47,0.05,0.0,0.47,0.05
Hugo Magnetti,Brest,Ligue 1,MF,MF,24,10.6,0.47,0.0,0.0,0.47,0.0
Steffen Tigges,Köln,Bundesliga,FW,FW,24,10.6,0.47,0.0,0.0,0.47,0.0
David Alaba,Real Madrid,La Liga,DF,DF,30,15.2,0.46,0.2,0.0,0.46,0.2
Daniel Amartey,Leicester City,Premier League,DF,DF,28,15.2,0.46,0.07,0.0,0.46,0.07
Chris Führich,Stuttgart,Bundesliga,FWMF,FW,25,13.1,0.46,0.15,0.0,0.46,0.15
Mathias Autret,Auxerre,Ligue 1,MFFW,MF,31,13.2,0.45,0.0,0.0,0.45,0.0
Juan Bernat,Paris S-G,Ligue 1,DF,DF,29,11.0,0.45,0.09,0.0,0.45,0.09
Nathaniel Clyne,Crystal Palace,Premier League,DF,DF,31,13.4,0.45,0.15,0.0,0.45,0.15
Kévin Gameiro,Strasbourg,Ligue 1,FW,FW,35,15.5,0.45,0.06,0.06,0.45,0.18
Max Kilman,Wolves,Premier League,DF,DF,25,22.0,0.45,0.14,0.0,0.45,0.14
Timo Werner,RB Leipzig,Bundesliga,FWMF,FW,26,11.2,0.45,0.18,0.0,0.45,0.18
Tommaso Augello,Sampdoria,Serie A,DF,DF,28,18.1,0.44,0.06,0.0,0.44,0.06
Sergio Canales,Betis,La Liga,FWMF,FW,31,16.2,0.43,0.25,0.06,0.43,0.37
Conor Coady,Everton,Premier League,DF,DF,29,18.9,0.42,0.05,0.0,0.42,0.05
Nico Elvedi,M'Gladbach,Bundesliga,DF,DF,26,16.5,0.42,0.0,0.0,0.42,0.0
Joe Scally,M'Gladbach,Bundesliga,DF,DF,20,16.8,0.42,0.06,0.0,0.42,0.06
Francesco Caputo,Sampdoria,Serie A,FW,FW,35,12.2,0.41,0.0,0.0,0.41,0.0
Vincent Le Goff,Lorient,Ligue 1,DF,DF,33,22.0,0.41,0.05,0.0,0.41,0.05
Pedri,Barcelona,La Liga,MFFW,MF,20,17.1,0.41,0.12,0.0,0.41,0.12
Federico Valverde,Real Madrid,La Liga,FWMF,FW,24,17.0,0.41,0.12,0.0,0.41,0.12
Antony,Manchester Utd,Premier League,FW,FW,22,10.1,0.4,0.3,0.0,0.4,0.3
Marcus Rashford,Manchester Utd,Premier League,FW,FW,25,19.9,0.4,0.1,0.0,0.4,0.1
Rodrigo,Betis,La Liga,FWMF,FW,22,10.0,0.4,0.0,0.0,0.4,0.0
Thiago Silva,Chelsea,Premier League,DF,DF,38,19.9,0.4,0.05,0.0,0.4,0.05
Aleksei Miranchuk,Torino,Serie A,MF,MF,27,12.9,0.39,0.0,0.0,0.39,0.0
Niklas Süle,Dortmund,Bundesliga,DF,DF,27,12.8,0.39,0.08,0.0,0.39,0.08
John Stones,Manchester City,Premier League,DF,DF,28,13.1,0.38,0.08,0.0,0.38,0.08
Dwight McNeil,Everton,Premier League,FWDF,FW,23,10.9,0.37,0.18,0.0,0.37,0.18
Willian,Fulham,Premier League,FW,FW,34,13.4,0.37,0.0,0.0,0.37,0.0
Virgil van Dijk,Liverpool,Premier League,DF,DF,31,16.5,0.36,0.06,0.0,0.36,0.06
Ezri Konsa,Aston Villa,Premier League,DF,DF,25,19.9,0.35,0.15,0.0,0.35,0.15
Alejandro Pozo Pozo,Almería,La Liga,DF,DF,23,11.4,0.35,0.0,0.0,0.35,0.0
Phil Foden,Manchester City,Premier League,FWDF,FW,22,11.6,0.34,0.09,0.0,0.34,0.09
Darko Lazovi?,Hellas Verona,Serie A,DFMF,DF,32,14.7,0.34,0.0,0.0,0.34,0.0
Marquinhos,Paris S-G,Ligue 1,DF,DF,28,20.3,0.34,0.1,0.0,0.34,0.1
Jesús Navas,Sevilla,La Liga,DFFW,DF,37,11.9,0.34,0.25,0.0,0.34,0.25
Andrej Kramari?,Hoffenheim,Bundesliga,MFFW,MF,31,15.2,0.33,0.07,0.0,0.33,0.07
Raphaël Guerreiro,Dortmund,Bundesliga,DF,DF,29,15.4,0.32,0.19,0.0,0.32,0.19
Ferland Mendy,Real Madrid,La Liga,DF,DF,27,12.5,0.32,0.16,0.0,0.32,0.16
Julian Brandt,Dortmund,Bundesliga,MFFW,MF,26,16.6,0.3,0.06,0.0,0.3,0.06
Ethan Pinnock,Brentford,Premier League,DF,DF,29,14.0,0.29,0.0,0.0,0.29,0.0
Antonio Rüdiger,Real Madrid,La Liga,DF,DF,29,13.6,0.29,0.07,0.0,0.29,0.07
Mathieu Coutadeur,Ajaccio,Ligue 1,MF,MF,36,10.9,0.28,0.0,0.0,0.28,0.0
Jeremy Toljan,Sassuolo,Serie A,DF,DF,28,18.7,0.27,0.11,0.0,0.27,0.11
Alphonso Davies,Bayern Munich,Bundesliga,DF,DF,22,15.5,0.26,0.0,0.0,0.26,0.0
Álex Fernández,Cádiz,La Liga,MFFW,MF,30,13.6,0.22,0.0,0.0,0.22,0.0
Vincenzo Grifo,Freiburg,Bundesliga,FWMF,FW,29,14.3,0.21,0.07,0.0,0.21,0.07
Thierno Balde,Troyes,Ligue 1,DF,DF,20,14.7,0.2,0.07,0.0,0.2,0.07
Théo Le Bris,Lorient,Ligue 1,MFDF,MF,20,10.6,0.19,0.0,0.0,0.19,0.0
Mads Roerslev,Brentford,Premier League,DF,DF,23,10.4,0.19,0.0,0.0,0.19,0.0
Antonio Candreva,Salernitana,Serie A,DFMF,DF,35,17.9,0.17,0.17,0.06,0.17,0.29
Lionel Messi,Paris S-G,Ligue 1,MFFW,MF,35,17.5,0.17,0.0,0.0,0.17,0.0
Oleksandr Zinchenko,Arsenal,Premier League,DF,DF,26,12.0,0.17,0.17,0.0,0.17,0.17
Marvin Friedrich,M'Gladbach,Bundesliga,DF,DF,27,10.7,0.09,0.09,0.0,0.09,0.09
Marvin Ducksch,Werder Bremen,Bundesliga,FW,FW,28,18.5,0.0,0.05,0.0,0.0,0.05
