Player,Squad,Comp,Pos,primary_pos,Age,nineties,market_value_in_eur,market_value_eur_M,valuation_date,pos_group,perf_score,value_score,value_rank
Mohamed Youssouf,Ajaccio,Ligue 1,DF,DF,34,17.4,200000,0.2,2023-06-27,DF,10.339999999999998,51.69999999999999,1
Adam Smith,Bournemouth,Premier League,DF,DF,31,20.1,200000,0.2,2023-06-09,DF,6.52,32.599999999999994,2
Cédric Avinel,Ajaccio,Ligue 1,DF,DF,36,12.2,250000,0.25,2023-06-27,DF,7.960000000000001,31.840000000000003,3
Federico Fazio,Salernitana,Serie A,DF,DF,35,11.8,400000,0.4,2023-06-15,DF,12.620000000000001,31.55,4
Florent Ogier,Clermont Foot,Ligue 1,DF,DF,33,10.5,450000,0.45,2023-06-27,DF,8.29,18.42222222222222,5
Yunis Abdelhamid,Reims,Ligue 1,DF,DF,35,22.0,700000,0.7,2023-06-27,DF,11.82,16.885714285714286,6
Dante,Nice,Ligue 1,DF,DF,39,22.0,600000,0.6,2023-06-27,DF,10.04,16.733333333333334,7
José Fonte,Lille,Ligue 1,DF,DF,39,17.7,600000,0.6,2023-06-27,DF,9.27,15.45,8
Dimitri Liénard,Strasbourg,Ligue 1,DFMF,DF,34,10.7,500000,0.5,2023-06-27,DF,7.67,15.34,9
Ashley Young,Aston Villa,Premier League,DF,DF,37,13.2,600000,0.6,2023-06-20,DF,8.56,14.266666666666667,10
Nicolas Pallois,Nantes,Ligue 1,DF,DF,35,15.2,900000,0.9,2023-06-27,DF,12.76,14.177777777777777,11
Matteo Bianchetti,Cremonese,Serie A,DF,DF,29,13.8,800000,0.8,2023-06-15,DF,10.86,13.575,12
Maya Yoshida,Schalke 04,Bundesliga,DF,DF,34,19.9,900000,0.9,2023-06-22,DF,11.96,13.28888888888889,13
Cristian Gamboa,Bochum,Bundesliga,DF,DF,33,14.1,600000,0.6,2023-06-22,DF,7.800000000000001,13.000000000000002,14
Julian Jeanvier,Auxerre,Ligue 1,DF,DF,30,13.8,800000,0.8,2023-06-27,DF,9.63,12.0375,15
Maxime Le Marchand,Strasbourg,Ligue 1,DF,DF,33,14.4,1000000,1.0,2023-06-27,DF,11.25,11.25,16
Moussa Diarra,Toulouse,Ligue 1,DF,DF,22,11.0,800000,0.8,2023-06-27,DF,8.19,10.237499999999999,17
Pedro Bigas,Elche,La Liga,DF,DF,32,14.2,1000000,1.0,2023-06-13,DF,9.23,9.23,18
Christopher Trimmel,Union Berlin,Bundesliga,DF,DF,35,13.3,800000,0.8,2023-06-22,DF,7.140000000000001,8.925,19
Tim Ream,Fulham,Premier League,DF,DF,35,23.0,1000000,1.0,2023-06-20,DF,8.56,8.56,20
Damián Suárez,Getafe,La Liga,DF,DF,34,10.0,1000000,1.0,2023-06-13,DF,8.200000000000001,8.200000000000001,21
Vincent Le Goff,Lorient,Ligue 1,DF,DF,33,22.0,1000000,1.0,2023-06-27,DF,7.960000000000001,7.960000000000001,22
Joel Ward,Crystal Palace,Premier League,DF,DF,33,14.4,1200000,1.2,2023-06-20,DF,9.44,7.866666666666666,23
Luis Hernández,Cádiz,La Liga,DF,DF,33,19.0,1000000,1.0,2023-06-13,DF,7.84,7.84,24
Niko Gießelmann,Union Berlin,Bundesliga,DF,DF,31,10.5,1000000,1.0,2023-06-22,DF,6.85,6.85,25
Stefan Bell,Mainz 05,Bundesliga,DF,DF,31,12.7,2000000,2.0,2023-06-22,DF,13.229999999999999,6.614999999999999,26
Marvin Plattenhardt,Hertha BSC,Bundesliga,DF,DF,31,13.6,1000000,1.0,2023-06-22,DF,6.609999999999999,6.609999999999999,27
Mattia Caldara,Spezia,Serie A,DF,DF,28,10.8,2000000,2.0,2023-06-15,DF,12.690000000000001,6.345000000000001,28
Helibelton Palacios,Elche,La Liga,DF,DF,29,12.9,1200000,1.2,2023-06-13,DF,7.29,6.075,29
Steve Cook,Nott'ham Forest,Premier League,DF,DF,31,10.6,1800000,1.8,2023-06-20,DF,10.75,5.972222222222222,30
Danilo Soares,Bochum,Bundesliga,DF,DF,31,12.6,1800000,1.8,2023-06-22,DF,10.639999999999999,5.9111111111111105,31
Luka Lochoshvili,Cremonese,Serie A,DF,DF,24,12.6,1800000,1.8,2023-06-15,DF,10.4,5.777777777777778,32
Ben Mee,Brentford,Premier League,DF,DF,33,20.4,2000000,2.0,2023-06-20,DF,11.42,5.71,33
Aaron Cresswell,West Ham,Premier League,DF,DF,33,17.0,1200000,1.2,2023-06-20,DF,6.76,5.633333333333334,34
Federico Ceccherini,Hellas Verona,Serie A,DF,DF,30,11.5,1500000,1.5,2023-06-15,DF,8.45,5.633333333333333,35
Jubal,Auxerre,Ligue 1,DF,DF,29,19.7,2000000,2.0,2023-06-27,DF,11.12,5.56,36
Thiago Silva,Chelsea,Premier League,DF,DF,38,19.9,2000000,2.0,2023-06-20,DF,11.11,5.555,37
Enzo Roco,Elche,La Liga,DF,DF,30,12.8,1500000,1.5,2023-06-13,DF,7.970000000000001,5.3133333333333335,38
Cédric Brunner,Schalke 04,Bundesliga,DF,DF,28,15.8,1800000,1.8,2023-06-22,DF,9.11,5.061111111111111,39
Fernando Calero,Espanyol,La Liga,DFMF,DF,27,13.1,2000000,2.0,2023-06-13,DF,9.99,4.995,40
Sergi Gómez,Espanyol,La Liga,DF,DF,30,12.5,2000000,2.0,2023-06-13,DF,9.76,4.88,41
Yoann Salmier,Troyes,Ligue 1,DF,DF,30,18.9,2000000,2.0,2023-06-27,DF,9.75,4.875,42
Carlos Clerc,Elche,La Liga,DFMF,DF,30,13.0,1500000,1.5,2023-06-13,DF,7.3,4.866666666666666,43
Julien Laporte,Lorient,Ligue 1,DF,DF,29,17.1,2500000,2.5,2023-06-27,DF,12.0,4.8,44
Alexander Hack,Mainz 05,Bundesliga,DF,DF,29,12.1,2500000,2.5,2023-06-22,DF,11.91,4.764,45
Yuri Berchiche,Athletic Club,La Liga,DF,DF,33,10.5,2000000,2.0,2023-06-13,DF,9.32,4.66,46
Luca Caldirola,Monza,Serie A,DF,DF,32,14.6,1500000,1.5,2023-06-15,DF,6.99,4.66,46
Achraf Dari,Brest,Ligue 1,DF,DF,23,10.0,2000000,2.0,2023-06-27,DF,9.1,4.55,48
Yan Valery,Angers,Ligue 1,DF,DF,23,12.1,2000000,2.0,2023-06-27,DF,9.08,4.54,49
David López,Girona,La Liga,DF,DF,33,10.4,2000000,2.0,2023-06-13,DF,8.94,4.47,50
Ivan Ordets,Bochum,Bundesliga,DF,DF,30,15.5,3000000,3.0,2023-06-22,DF,12.91,4.303333333333334,51
Jaume Costa,Mallorca,La Liga,DF,DF,34,16.4,1200000,1.2,2023-06-13,DF,5.130000000000001,4.275000000000001,52
Anthony Jung,Werder Bremen,Bundesliga,DFFW,DF,31,17.2,1500000,1.5,2023-06-22,DF,6.39,4.26,53
Leandro Cabrera,Espanyol,La Liga,DF,DF,31,18.3,2500000,2.5,2023-06-13,DF,10.49,4.196,54
Cédric Hountondji,Angers,Ligue 1,DF,DF,29,21.9,2000000,2.0,2023-06-27,DF,8.23,4.115,55
Erik Palmer-Brown,Troyes,Ligue 1,DF,DF,25,20.9,2500000,2.5,2023-06-27,DF,10.229999999999999,4.092,56
Gian Marco Ferrari,Sassuolo,Serie A,DF,DF,30,17.0,2000000,2.0,2023-06-15,DF,8.06,4.03,57
Liam Cooper,Leeds United,Premier League,DF,DF,31,12.3,3000000,3.0,2023-06-20,DF,12.030000000000001,4.010000000000001,58
Jeffrey Gouweleeuw,Augsburg,Bundesliga,DF,DF,31,18.3,3000000,3.0,2023-06-22,DF,12.02,4.006666666666667,59
Andrei Girotto,Nantes,Ligue 1,DFMF,DF,30,20.8,4000000,4.0,2023-06-27,DF,15.690000000000001,3.9225000000000003,60
Dylan Bronn,Salernitana,Serie A,DF,DF,27,13.9,2500000,2.5,2023-06-15,DF,9.709999999999999,3.8839999999999995,61
Leonardo Sernicola,Cremonese,Serie A,DF,DF,25,15.1,2000000,2.0,2023-06-15,DF,7.48,3.74,62
Ardian Ismajli,Empoli,Serie A,DF,DF,26,14.4,3500000,3.5,2023-06-15,DF,13.06,3.7314285714285718,63
Jackson Porozo,Troyes,Ligue 1,DF,DF,22,13.7,3000000,3.0,2023-06-27,DF,11.16,3.72,64
Armando Izzo,Monza,Serie A,DF,DF,30,12.3,3000000,3.0,2023-06-15,DF,11.150000000000002,3.7166666666666672,65
Javi Sánchez,Valladolid,La Liga,DF,DF,25,15.9,3000000,3.0,2023-06-13,DF,10.940000000000001,3.646666666666667,66
Óscar de Marcos,Athletic Club,La Liga,DF,DF,33,18.0,1800000,1.8,2023-06-13,DF,6.5600000000000005,3.644444444444445,67
Gideon Mensah,Auxerre,Ligue 1,DF,DF,24,12.9,2500000,2.5,2023-06-27,DF,9.07,3.628,68
Oumar Gonzalez,Ajaccio,Ligue 1,DF,DF,24,17.5,2500000,2.5,2023-06-27,DF,8.92,3.568,69
Fali,Cádiz,La Liga,DFMF,DF,29,10.2,2500000,2.5,2023-06-13,DF,8.91,3.564,70
Rodrigo Ely,Almería,La Liga,DF,DF,29,19.1,3000000,3.0,2023-06-13,DF,10.69,3.563333333333333,71
Unai García,Osasuna,La Liga,DF,DF,31,14.1,2500000,2.5,2023-06-13,DF,8.790000000000001,3.5160000000000005,72
Raúl Albiol,Villarreal,La Liga,DF,DF,37,16.9,2500000,2.5,2023-06-13,DF,8.77,3.508,73
Maximiliano Caufriez,Clermont Foot,Ligue 1,DF,DF,25,15.4,2500000,2.5,2023-06-27,DF,8.700000000000001,3.4800000000000004,74
Joaquín Fernández,Valladolid,La Liga,DF,DF,26,14.6,3000000,3.0,2023-06-13,DF,10.41,3.47,75
Issiaga Sylla,Toulouse,Ligue 1,DF,DF,29,15.2,2500000,2.5,2023-06-27,DF,8.620000000000001,3.4480000000000004,76
Nathaniel Clyne,Crystal Palace,Premier League,DF,DF,31,13.4,2000000,2.0,2023-06-20,DF,6.79,3.395,77
Koray Günter,Hellas Verona,Serie A,DF,DF,28,11.1,3500000,3.5,2023-06-15,DF,11.88,3.3942857142857146,78
Massadio Haïdara,Lens,Ligue 1,DFMF,DF,30,11.8,3000000,3.0,2023-06-27,DF,10.16,3.3866666666666667,79
Ismaily,Lille,Ligue 1,DF,DF,33,16.1,2500000,2.5,2023-06-27,DF,8.32,3.3280000000000003,80
Maximilian Bauer,Augsburg,Bundesliga,DF,DF,23,11.6,3500000,3.5,2023-06-22,DF,11.559999999999999,3.3028571428571425,81
Jean-Charles Castelletto,Nantes,Ligue 1,DF,DF,28,16.3,3500000,3.5,2023-06-27,DF,11.53,3.294285714285714,82
Mikkel Desler,Toulouse,Ligue 1,DF,DF,27,13.4,2500000,2.5,2023-06-27,DF,8.209999999999999,3.284,83
Kevin Akpoguma,Hoffenheim,Bundesliga,DF,DF,27,11.4,3500000,3.5,2023-06-22,DF,11.41,3.2600000000000002,84
Sebastiano Luperto,Empoli,Serie A,DF,DF,26,19.0,3000000,3.0,2023-06-15,DF,9.63,3.2100000000000004,85
Christopher Jullien,Montpellier,Ligue 1,DF,DF,29,15.9,3500000,3.5,2023-06-27,DF,11.2,3.1999999999999997,86
Enzo Tchato,Montpellier,Ligue 1,DF,DF,20,10.4,2500000,2.5,2023-06-27,DF,7.98,3.192,87
Lucas Perrin,Strasbourg,Ligue 1,DF,DF,24,10.1,3000000,3.0,2023-06-27,DF,9.5,3.1666666666666665,88
Omar Colley,Sampdoria,Serie A,DF,DF,30,15.4,3000000,3.0,2023-06-08,DF,9.41,3.1366666666666667,89
Antonino Gallo,Lecce,Serie A,DF,DF,23,14.8,2500000,2.5,2023-06-15,DF,7.699999999999999,3.0799999999999996,90
Jonjoe Kenny,Hertha BSC,Bundesliga,DF,DF,25,17.5,3000000,3.0,2023-06-22,DF,9.03,3.01,91
Eray Cömert,Valencia,La Liga,DF,DF,25,14.9,3500000,3.5,2023-06-13,DF,10.469999999999999,2.991428571428571,92
Mateusz Wieteska,Clermont Foot,Ligue 1,DF,DF,26,23.0,3000000,3.0,2023-06-27,DF,8.92,2.973333333333333,93
Paulo Otávio,Wolfsburg,Bundesliga,DF,DF,28,15.8,4000000,4.0,2023-06-22,DF,11.58,2.895,94
Koffi Djidji,Torino,Serie A,DF,DF,30,16.9,3000000,3.0,2023-06-15,DF,8.65,2.8833333333333333,95
Diego Rico,Real Sociedad,La Liga,DF,DF,29,11.6,3000000,3.0,2023-06-13,DF,8.61,2.8699999999999997,96
Hugo Mallo,Celta Vigo,La Liga,DF,DF,31,13.4,3000000,3.0,2023-06-13,DF,8.419999999999998,2.806666666666666,97
Kevin Vogt,Hoffenheim,Bundesliga,DF,DF,31,13.7,2500000,2.5,2023-06-22,DF,6.94,2.7760000000000002,98
Luca Kilian,Köln,Bundesliga,DF,DF,23,12.2,3500000,3.5,2023-06-22,DF,9.660000000000002,2.7600000000000007,99
Jonas Hector,Köln,Bundesliga,DF,DF,32,16.4,3500000,3.5,2023-06-22,DF,9.64,2.7542857142857144,100
Souleyman Doumbia,Angers,Ligue 1,DFFW,DF,26,16.4,2500000,2.5,2023-06-27,DF,6.84,2.7359999999999998,101
Óscar Mingueza,Celta Vigo,La Liga,DF,DF,23,10.7,2500000,2.5,2023-06-13,DF,6.7299999999999995,2.6919999999999997,102
Benno Schmitz,Köln,Bundesliga,DF,DF,28,15.5,3000000,3.0,2023-06-22,DF,8.059999999999999,2.686666666666666,103
Adama Soumaoro,Bologna,Serie A,DF,DF,30,13.7,3000000,3.0,2023-06-15,DF,7.95,2.65,104
Alex Sandro,Juventus,Serie A,DF,DF,32,12.7,3000000,3.0,2023-06-15,DF,7.87,2.6233333333333335,105
Robert Gumny,Augsburg,Bundesliga,DF,DF,24,14.3,3500000,3.5,2023-06-22,DF,9.17,2.62,106
Samuel Umtiti,Lecce,Serie A,DF,DF,29,10.5,4000000,4.0,2023-06-15,DF,10.280000000000001,2.5700000000000003,107
Alfonso Espino,Cádiz,La Liga,DF,DF,31,19.7,3500000,3.5,2023-06-13,DF,8.99,2.5685714285714285,108
Valentin Gendrey,Lecce,Serie A,DF,DF,22,20.2,4000000,4.0,2023-06-15,DF,10.229999999999999,2.5574999999999997,109
Nicolas Cozza,Montpellier,Ligue 1,DF,DF,24,14.2,3500000,3.5,2023-06-22,DF,8.870000000000001,2.5342857142857147,110
Kelvin Amian,Spezia,Serie A,DF,DF,25,11.7,3800000,3.8,2023-06-15,DF,9.219999999999999,2.426315789473684,111
Marvin Friedrich,M'Gladbach,Bundesliga,DF,DF,27,10.7,4000000,4.0,2023-06-22,DF,9.620000000000001,2.4050000000000002,112
Óscar Gil,Espanyol,La Liga,DF,DF,25,14.1,3000000,3.0,2023-06-13,DF,7.16,2.3866666666666667,113
Jim Allevinah,Clermont Foot,Ligue 1,DFFW,DF,27,13.6,2000000,2.0,2023-06-27,DF,4.7700000000000005,2.3850000000000002,114
Ricardo Rodríguez,Torino,Serie A,DF,DF,30,15.3,3500000,3.5,2023-06-15,DF,8.18,2.337142857142857,115
Mads Pedersen,Augsburg,Bundesliga,DFMF,DF,26,11.5,3500000,3.5,2023-06-22,DF,8.08,2.3085714285714287,116
Arkadiusz Reca,Spezia,Serie A,DF,DF,27,14.9,3000000,3.0,2023-06-15,DF,6.909999999999999,2.3033333333333332,117
Iñigo Lekue,Athletic Club,La Liga,DF,DF,29,12.8,3000000,3.0,2023-06-13,DF,6.879999999999999,2.293333333333333,118
Marcel Halstenberg,RB Leipzig,Bundesliga,DF,DF,31,10.9,3500000,3.5,2023-06-22,DF,7.99,2.282857142857143,119
Florian Lejeune,Rayo Vallecano,La Liga,DF,DF,31,16.5,4000000,4.0,2023-06-13,DF,9.09,2.2725,120
Germán Pezzella,Betis,La Liga,DF,DF,31,15.9,5000000,5.0,2023-06-13,DF,11.25,2.25,121
Francesco Acerbi,Inter,Serie A,DF,DF,35,12.3,4000000,4.0,2023-06-15,DF,8.940000000000001,2.2350000000000003,122
Nemanja Gudelj,Sevilla,La Liga,DFMF,DF,31,17.8,4000000,4.0,2023-06-13,DF,8.879999999999999,2.2199999999999998,123
Niklas Stark,Werder Bremen,Bundesliga,DF,DF,27,11.8,5500000,5.5,2023-06-22,DF,12.12,2.2036363636363636,124
Rasmus Nicolaisen,Toulouse,Ligue 1,DF,DF,25,20.3,6000000,6.0,2023-06-27,DF,13.11,2.185,125
Brendan Chardonnet,Brest,Ligue 1,DF,DF,28,17.5,5000000,5.0,2023-06-27,DF,10.86,2.1719999999999997,126
Waldemar Anton,Stuttgart,Bundesliga,DF,DF,26,19.9,4500000,4.5,2023-06-22,DF,9.66,2.1466666666666665,127
Neto Borges,Clermont Foot,Ligue 1,DF,DF,26,19.0,4000000,4.0,2023-06-27,DF,8.58,2.145,128
César Azpilicueta,Chelsea,Premier League,DF,DF,33,11.4,5000000,5.0,2023-06-20,DF,10.709999999999999,2.142,129
Tommaso Augello,Sampdoria,Serie A,DF,DF,28,18.1,2000000,2.0,2023-06-15,DF,4.26,2.13,130
Emil Holm,Spezia,Serie A,DF,DF,22,15.5,5000000,5.0,2023-06-15,DF,10.45,2.09,131
Fabio Depaoli,Hellas Verona,Serie A,DF,DF,25,13.0,3000000,3.0,2023-06-15,DF,6.23,2.0766666666666667,132
Enzo Ebosse,Udinese,Serie A,DF,DF,23,10.1,4500000,4.5,2023-06-15,DF,9.22,2.048888888888889,133
Mats Hummels,Dortmund,Bundesliga,DF,DF,34,12.8,6000000,6.0,2023-06-22,DF,12.26,2.0433333333333334,134
Antonio Candreva,Salernitana,Serie A,DFMF,DF,35,17.9,1500000,1.5,2023-06-15,DF,3.0200000000000005,2.0133333333333336,135
Domingos Duarte,Getafe,La Liga,DF,DF,27,18.5,5000000,5.0,2023-06-13,DF,10.06,2.012,136
Falaye Sacko,Montpellier,Ligue 1,DF,DF,27,14.0,4000000,4.0,2023-06-27,DF,8.01,2.0025,137
Robin Knoche,Union Berlin,Bundesliga,DF,DF,30,19.0,5000000,5.0,2023-06-22,DF,9.74,1.948,138
Thiago Mendes,Lyon,Ligue 1,DFMF,DF,30,16.5,5000000,5.0,2023-06-27,DF,9.57,1.9140000000000001,139
Amos Pieper,Werder Bremen,Bundesliga,DF,DF,25,16.3,6000000,6.0,2023-06-22,DF,11.17,1.8616666666666666,140
Andreas Bruus,Troyes,Ligue 1,DFFW,DF,24,11.3,2000000,2.0,2023-06-27,DF,3.7199999999999998,1.8599999999999999,141
Martin Valjent,Mallorca,La Liga,DF,DF,27,17.8,4500000,4.5,2023-06-13,DF,8.32,1.848888888888889,142
Silvan Widmer,Mainz 05,Bundesliga,DF,DF,29,13.0,3500000,3.5,2023-06-22,DF,6.47,1.8485714285714285,143
Lilian Brassier,Brest,Ligue 1,DF,DF,23,18.4,5000000,5.0,2023-06-27,DF,9.24,1.848,144
Gerzino Nyamsi,Strasbourg,Ligue 1,DF,DF,26,10.8,5000000,5.0,2023-06-27,DF,9.07,1.814,145
Matteo Darmian,Inter,Serie A,DF,DF,33,11.0,4000000,4.0,2023-06-15,DF,7.1899999999999995,1.7974999999999999,146
Isak Hien,Hellas Verona,Serie A,DF,DF,24,15.8,6000000,6.0,2023-06-15,DF,10.75,1.7916666666666667,147
Yasser Larouci,Troyes,Ligue 1,DFFW,DF,22,12.8,3500000,3.5,2023-06-27,DF,6.1000000000000005,1.742857142857143,148
Maxime Estève,Montpellier,Ligue 1,DF,DF,20,14.8,7000000,7.0,2023-06-27,DF,11.889999999999999,1.6985714285714284,149
Alexander Djiku,Strasbourg,Ligue 1,DF,DF,28,20.0,8000000,8.0,2023-06-27,DF,13.4,1.675,150
Unai Núñez,Celta Vigo,La Liga,DF,DF,26,19.0,6000000,6.0,2023-06-13,DF,10.0,1.6666666666666667,151
Sergio Ramos,Paris S-G,Ligue 1,DF,DF,36,17.0,4500000,4.5,2023-06-27,DF,7.420000000000001,1.648888888888889,152
Pablo Marí,Monza,Serie A,DF,DF,29,12.6,5000000,5.0,2023-06-15,DF,8.18,1.636,153
Rafael Tolói,Atalanta,Serie A,DF,DF,32,16.1,6000000,6.0,2023-06-15,DF,9.76,1.6266666666666667,154
Youssouf Sabaly,Betis,La Liga,DF,DF,29,11.1,5000000,5.0,2023-06-13,DF,8.01,1.6019999999999999,155
Edimilson Fernandes,Mainz 05,Bundesliga,DF,DF,26,14.1,5500000,5.5,2023-06-22,DF,8.8,1.6,156
Juan Cuadrado,Juventus,Serie A,DFFW,DF,34,11.8,4000000,4.0,2023-06-15,DF,6.35,1.5875,157
Serge Aurier,Nott'ham Forest,Premier League,DF,DF,30,12.0,8000000,8.0,2023-06-20,DF,12.58,1.5725,158
Timo Hübers,Köln,Bundesliga,DF,DF,26,14.4,8500000,8.5,2023-06-22,DF,13.33,1.5682352941176472,159
Marco Friedl,Werder Bremen,Bundesliga,DF,DF,24,16.8,7000000,7.0,2023-06-22,DF,10.83,1.5471428571428572,160
Axel Witsel,Atlético Madrid,La Liga,DFMF,DF,34,13.9,5000000,5.0,2023-06-13,DF,7.55,1.51,161
Chris Mepham,Bournemouth,Premier League,DF,DF,25,17.3,8000000,8.0,2023-06-20,DF,11.9,1.4875,162
Emmanuel Agbadou,Reims,Ligue 1,DF,DF,25,17.8,7500000,7.5,2023-06-27,DF,11.06,1.4746666666666668,163
Lucas Martínez Quarta,Fiorentina,Serie A,DF,DF,26,13.1,10000000,10.0,2023-06-15,DF,14.66,1.466,164
Deiver Machado,Lens,Ligue 1,DFMF,DF,29,15.3,4000000,4.0,2023-06-27,DF,5.82,1.455,165
Marlon,Monza,Serie A,DF,DF,27,11.8,6000000,6.0,2023-06-15,DF,8.629999999999999,1.4383333333333332,166
Emanuele Valeri,Cremonese,Serie A,DFFW,DF,24,16.6,3500000,3.5,2023-06-15,DF,5.0,1.4285714285714286,167
Jonathan Gradit,Lens,Ligue 1,DF,DF,30,15.7,5000000,5.0,2023-06-27,DF,7.08,1.416,168
Jesús Navas,Sevilla,La Liga,DFFW,DF,37,11.9,3000000,3.0,2023-06-13,DF,4.2,1.4000000000000001,169
Melvin Bard,Nice,Ligue 1,DF,DF,22,16.6,7000000,7.0,2023-06-27,DF,9.76,1.3942857142857144,170
Mitchell Weiser,Werder Bremen,Bundesliga,DFFW,DF,28,18.2,6000000,6.0,2023-06-22,DF,8.24,1.3733333333333333,171
Flavius Daniliuc,Salernitana,Serie A,DF,DF,21,11.5,8000000,8.0,2023-06-15,DF,10.95,1.36875,172
Iván Balliu,Rayo Vallecano,La Liga,DF,DF,31,19.9,4000000,4.0,2023-06-13,DF,5.470000000000001,1.3675000000000002,173
Federico Baschirotto,Lecce,Serie A,DF,DF,26,22.0,8000000,8.0,2023-06-15,DF,10.77,1.34625,174
Stefan de Vrij,Inter,Serie A,DF,DF,31,12.1,8000000,8.0,2023-06-15,DF,10.34,1.2925,175
Jaka Bijol,Udinese,Serie A,DF,DF,24,15.4,10000000,10.0,2023-06-15,DF,12.719999999999999,1.2719999999999998,176
Mouctar Diakhaby,Valencia,La Liga,DF,DF,26,12.8,6000000,6.0,2023-06-13,DF,7.58,1.2633333333333334,177
Jordan Zemura,Bournemouth,Premier League,DF,DF,23,13.5,6000000,6.0,2023-06-20,DF,7.550000000000001,1.2583333333333335,178
Montassar Talbi,Lorient,Ligue 1,DF,DF,24,22.0,8000000,8.0,2023-06-27,DF,9.92,1.24,179
Iago,Augsburg,Bundesliga,DFMF,DF,25,12.1,5500000,5.5,2023-06-22,DF,6.78,1.2327272727272727,180
Joe Rodon,Rennes,Ligue 1,DF,DF,25,13.0,7000000,7.0,2023-06-27,DF,8.61,1.23,181
Chris Smalling,Roma,Serie A,DF,DF,33,21.7,8000000,8.0,2023-06-15,DF,9.78,1.2225,182
Sebastiaan Bornauw,Wolfsburg,Bundesliga,DF,DF,23,12.6,8500000,8.5,2023-06-22,DF,10.16,1.1952941176470588,183
Mërgim Vojvoda,Torino,Serie A,DF,DF,28,11.0,4000000,4.0,2023-06-15,DF,4.739999999999999,1.1849999999999998,184
Alexis Flips,Reims,Ligue 1,DFMF,DF,23,11.2,6000000,6.0,2023-06-27,DF,7.0600000000000005,1.1766666666666667,185
Faitout Maouassa,Montpellier,Ligue 1,DFFW,DF,24,13.2,6000000,6.0,2023-06-27,DF,7.04,1.1733333333333333,186
Samuel Gigot,Marseille,Ligue 1,DF,DF,29,14.1,10000000,10.0,2023-06-27,DF,11.71,1.171,187
Joseph Aidoo,Celta Vigo,La Liga,DF,DF,27,20.0,8000000,8.0,2023-06-13,DF,9.350000000000001,1.1687500000000002,188
Ozan Kabak,Hoffenheim,Bundesliga,DF,DF,22,17.3,10000000,10.0,2023-06-22,DF,11.629999999999999,1.1629999999999998,189
Brian Oliván,Espanyol,La Liga,DF,DF,28,18.3,6000000,6.0,2023-06-13,DF,6.94,1.1566666666666667,190
Mads Roerslev,Brentford,Premier League,DF,DF,23,10.4,6000000,6.0,2023-06-20,DF,6.92,1.1533333333333333,191
Ethan Pinnock,Brentford,Premier League,DF,DF,29,14.0,14000000,14.0,2023-06-20,DF,16.14,1.1528571428571428,192
Ethan Ampadu,Spezia,Serie A,DFMF,DF,22,15.1,9000000,9.0,2023-06-15,DF,10.32,1.1466666666666667,193
Alessandro Buongiorno,Torino,Serie A,DF,DF,23,15.7,10000000,10.0,2023-06-15,DF,11.41,1.141,194
Anthony Rouault,Toulouse,Ligue 1,DF,DF,21,21.9,10000000,10.0,2023-06-27,DF,11.32,1.1320000000000001,195
Fabian Schär,Newcastle Utd,Premier League,DF,DF,31,20.8,10000000,10.0,2023-06-20,DF,11.200000000000001,1.12,196
Hans Hateboer,Atalanta,Serie A,DF,DF,29,15.5,6000000,6.0,2023-06-15,DF,6.7,1.1166666666666667,197
Anthony Caci,Mainz 05,Bundesliga,DF,DF,25,11.8,8500000,8.5,2023-06-22,DF,9.49,1.116470588235294,198
Ismaël Doukouré,Strasbourg,Ligue 1,DF,DF,19,11.3,6000000,6.0,2023-06-27,DF,6.54,1.09,199
Santiago Bueno,Girona,La Liga,DF,DF,24,19.9,8000000,8.0,2023-06-13,DF,8.69,1.08625,200
Rogério,Sassuolo,Serie A,DF,DF,25,18.3,5500000,5.5,2023-06-15,DF,5.959999999999999,1.0836363636363635,201
Jeremy Toljan,Sassuolo,Serie A,DF,DF,28,18.7,4500000,4.5,2023-06-15,DF,4.87,1.0822222222222222,202
Cristiano Biraghi,Fiorentina,Serie A,DF,DF,30,18.0,5000000,5.0,2023-06-15,DF,5.390000000000001,1.078,203
Alidu Seidu,Clermont Foot,Ligue 1,DF,DF,22,19.5,7000000,7.0,2023-06-27,DF,7.45,1.0642857142857143,204
Guillermo Maripán,Monaco,Ligue 1,DF,DF,28,16.5,10000000,10.0,2023-06-27,DF,10.25,1.025,205
Thierry Correia,Valencia,La Liga,DF,DF,23,15.4,8000000,8.0,2023-06-13,DF,8.11,1.01375,206
Vladimír Coufal,West Ham,Premier League,DF,DF,30,14.3,9000000,9.0,2023-06-20,DF,9.03,1.0033333333333332,207
Leonardo Balerdi,Marseille,Ligue 1,DF,DF,24,19.6,10000000,10.0,2023-06-27,DF,10.0,1.0,208
Dan Burn,Newcastle Utd,Premier League,DF,DF,30,20.6,10000000,10.0,2023-06-20,DF,9.9,0.99,209
Jordan Lotomba,Nice,Ligue 1,DFMF,DF,24,18.2,8000000,8.0,2023-06-27,DF,7.86,0.9825,210
Jordi Alba,Barcelona,La Liga,DF,DF,33,10.3,5000000,5.0,2023-06-13,DF,4.86,0.9720000000000001,211
Rodrigo Becão,Udinese,Serie A,DF,DF,27,14.7,10000000,10.0,2023-06-15,DF,9.66,0.966,212
Nehuén Pérez,Udinese,Serie A,DF,DF,22,17.5,10000000,10.0,2023-06-15,DF,9.600000000000001,0.9600000000000002,213
Scott McKenna,Nott'ham Forest,Premier League,DF,DF,26,16.2,10000000,10.0,2023-06-20,DF,9.56,0.9560000000000001,214
Zeki Çelik,Roma,Serie A,DF,DF,25,11.0,10000000,10.0,2023-06-15,DF,9.46,0.9460000000000001,215
Nicolás Tagliafico,Lyon,Ligue 1,DF,DF,30,19.7,9000000,9.0,2023-06-27,DF,8.48,0.9422222222222223,216
Tanguy Nianzou,Sevilla,La Liga,DF,DF,20,10.1,7500000,7.5,2023-06-13,DF,7.02,0.9359999999999999,217
Pasquale Mazzocchi,Salernitana,Serie A,DF,DF,27,13.3,4800000,4.8,2023-06-15,DF,4.44,0.9250000000000002,218
Quentin Merlin,Nantes,Ligue 1,DF,DF,20,14.1,7000000,7.0,2023-06-27,DF,6.390000000000001,0.9128571428571429,219
Pablo Maffeo,Mallorca,La Liga,DF,DF,25,17.3,8000000,8.0,2023-06-13,DF,7.280000000000001,0.9100000000000001,220
Joe Worrall,Nott'ham Forest,Premier League,DF,DF,26,13.9,12000000,12.0,2023-06-20,DF,10.72,0.8933333333333334,221
Clément Lenglet,Tottenham,Premier League,DF,DF,27,10.4,10000000,10.0,2023-06-20,DF,8.84,0.884,222
Konstantinos Mavropanos,Stuttgart,Bundesliga,DF,DF,25,15.8,15000000,15.0,2023-06-22,DF,13.16,0.8773333333333333,223
Hiroki Ito,Stuttgart,Bundesliga,DF,DF,23,17.0,10000000,10.0,2023-06-22,DF,8.77,0.877,224
Joël Veltman,Brighton,Premier League,DF,DF,31,15.3,10000000,10.0,2023-06-20,DF,8.7,0.8699999999999999,225
Valentino Lazaro,Torino,Serie A,DF,DF,26,11.8,5000000,5.0,2023-06-15,DF,4.33,0.866,226
Andrea Cambiaso,Bologna,Serie A,DF,DF,22,12.8,8000000,8.0,2023-06-15,DF,6.790000000000001,0.8487500000000001,227
Marcos Acuña,Sevilla,La Liga,DF,DF,31,10.9,10000000,10.0,2023-06-13,DF,8.25,0.825,228
Fabiano Parisi,Empoli,Serie A,DF,DF,22,18.8,10000000,10.0,2023-06-15,DF,8.25,0.825,228
Jhon Lucumí,Bologna,Serie A,DF,DF,24,17.2,12000000,12.0,2023-06-15,DF,9.88,0.8233333333333334,230
Robert Skov,Hoffenheim,Bundesliga,DF,DF,26,11.7,6500000,6.5,2023-06-22,DF,5.3,0.8153846153846154,231
Hamari Traoré,Rennes,Ligue 1,DF,DF,31,18.1,10000000,10.0,2023-06-27,DF,8.059999999999999,0.8059999999999998,232
Mohammed Salisu,Southampton,Premier League,DF,DF,23,21.0,18000000,18.0,2023-06-20,DF,14.419999999999998,0.801111111111111,233
Manuel Lazzari,Lazio,Serie A,DF,DF,29,13.5,7500000,7.5,2023-06-15,DF,5.859999999999999,0.7813333333333332,234
Patrick Ciurria,Monza,Serie A,DFMF,DF,28,13.8,5000000,5.0,2023-06-15,DF,3.8299999999999996,0.7659999999999999,235
Emerson,Tottenham,Premier League,DF,DF,24,13.3,12000000,12.0,2023-06-20,DF,8.95,0.7458333333333332,236
James Tarkowski,Everton,Premier League,DF,DF,30,21.0,18000000,18.0,2023-06-20,DF,13.42,0.7455555555555555,237
Danilo Pereira,Paris S-G,Ligue 1,DFMF,DF,31,13.2,10000000,10.0,2023-06-27,DF,7.35,0.735,238
Stefan Posch,Bologna,Serie A,DF,DF,25,13.6,14000000,14.0,2023-06-15,DF,10.29,0.735,238
Bafodé Diakité,Lille,Ligue 1,DF,DF,22,19.4,10000000,10.0,2023-06-27,DF,7.27,0.727,240
Aarón Martín,Mainz 05,Bundesliga,DF,DF,25,15.8,7000000,7.0,2023-06-22,DF,5.069999999999999,0.7242857142857142,241
Kenny Tete,Fulham,Premier League,DF,DF,27,15.7,15000000,15.0,2023-06-20,DF,10.83,0.722,242
Kieran Trippier,Newcastle Utd,Premier League,DF,DF,32,21.7,11000000,11.0,2023-06-20,DF,7.93,0.7209090909090908,243
Daniel Amartey,Leicester City,Premier League,DF,DF,28,15.2,12000000,12.0,2023-06-20,DF,8.629999999999999,0.7191666666666666,244
Mário Rui,Napoli,Serie A,DF,DF,31,15.1,8000000,8.0,2023-06-15,DF,5.62,0.7025,245
Maxence Lacroix,Wolfsburg,Bundesliga,DF,DF,22,11.1,17000000,17.0,2023-06-22,DF,11.89,0.6994117647058824,246
Tuta,Eint Frankfurt,Bundesliga,DF,DF,23,17.9,15000000,15.0,2023-06-22,DF,10.4,0.6933333333333334,247
Yeray Álvarez,Athletic Club,La Liga,DF,DF,28,17.4,15000000,15.0,2023-06-13,DF,10.01,0.6673333333333333,248
Benjamin Henrichs,RB Leipzig,Bundesliga,DFMF,DF,25,14.7,15000000,15.0,2023-06-22,DF,9.920000000000002,0.6613333333333334,249
Sergio Akieme,Almería,La Liga,DF,DF,25,21.0,7500000,7.5,2023-06-13,DF,4.91,0.6546666666666667,250
Diogo Leite,Union Berlin,Bundesliga,DF,DF,24,16.2,15000000,15.0,2023-06-22,DF,9.81,0.654,251
Nélson Semedo,Wolves,Premier League,DF,DF,29,14.1,15000000,15.0,2023-06-20,DF,9.78,0.6519999999999999,252
Tosin Adarabioyo,Fulham,Premier League,DF,DF,25,12.2,16000000,16.0,2023-06-20,DF,10.420000000000002,0.6512500000000001,253
Javi Galán,Celta Vigo,La Liga,DF,DF,28,19.1,12000000,12.0,2023-06-13,DF,7.79,0.6491666666666667,254
Kalidou Koulibaly,Chelsea,Premier League,DF,DF,31,12.4,15000000,15.0,2023-06-20,DF,9.68,0.6453333333333333,255
Danilo,Juventus,Serie A,DF,DF,31,20.1,15000000,15.0,2023-06-15,DF,9.499999999999998,0.6333333333333332,256
Danilho Doekhi,Union Berlin,Bundesliga,DF,DF,24,10.9,17000000,17.0,2023-06-22,DF,10.74,0.631764705882353,257
Josh Doig,Hellas Verona,Serie A,DF,DF,20,10.4,8000000,8.0,2023-06-15,DF,5.01,0.62625,258
Nathan Patterson,Everton,Premier League,DFMF,DF,21,11.0,16000000,16.0,2023-06-20,DF,10.01,0.625625,259
Igor Zubeldia,Real Sociedad,La Liga,DF,DF,25,14.0,15000000,15.0,2023-06-13,DF,9.29,0.6193333333333333,260
Pascal Struijk,Leeds United,Premier League,DF,DF,23,18.6,18000000,18.0,2023-06-20,DF,11.129999999999999,0.6183333333333333,261
Conor Coady,Everton,Premier League,DF,DF,29,18.9,12000000,12.0,2023-06-20,DF,7.340000000000001,0.6116666666666667,262
Matthias Ginter,Freiburg,Bundesliga,DF,DF,29,20.0,18000000,18.0,2023-06-22,DF,10.950000000000001,0.6083333333333334,263
Robin Koch,Leeds United,Premier League,DF,DF,26,19.5,18000000,18.0,2023-06-20,DF,10.87,0.6038888888888888,264
Roberto Pereyra,Udinese,Serie A,DFMF,DF,32,17.2,6000000,6.0,2023-06-15,DF,3.62,0.6033333333333334,265
Merih Demiral,Atalanta,Serie A,DF,DF,24,13.6,20000000,20.0,2023-06-15,DF,11.989999999999998,0.5994999999999999,266
David García,Osasuna,La Liga,DF,DF,28,17.5,20000000,20.0,2023-06-13,DF,11.780000000000001,0.5890000000000001,267
Aritz Elustondo,Real Sociedad,La Liga,DF,DF,28,11.4,14000000,14.0,2023-06-13,DF,8.24,0.5885714285714286,268
Lloyd Kelly,Bournemouth,Premier League,DF,DF,24,10.0,18000000,18.0,2023-06-20,DF,10.4,0.5777777777777778,269
Kiliann Sildillia,Freiburg,Bundesliga,DFMF,DF,20,16.1,12000000,12.0,2023-06-22,DF,6.88,0.5733333333333334,270
Romain Perraud,Southampton,Premier League,DF,DF,25,13.1,12000000,12.0,2023-06-20,DF,6.71,0.5591666666666667,271
Marquinhos,Paris S-G,Ligue 1,DF,DF,28,20.3,12000000,12.0,2023-06-01,DF,6.6,0.5499999999999999,272
Antonee Robinson,Fulham,Premier League,DF,DF,25,19.3,15000000,15.0,2023-06-20,DF,8.24,0.5493333333333333,273
Wilfried Singo,Torino,Serie A,DF,DF,22,11.9,12000000,12.0,2023-06-15,DF,6.550000000000001,0.5458333333333334,274
Ridle Baku,Wolfsburg,Bundesliga,DF,DF,24,19.2,13000000,13.0,2023-06-22,DF,6.9399999999999995,0.5338461538461539,275
Alessio Romagnoli,Lazio,Serie A,DF,DF,28,19.7,18000000,18.0,2023-06-15,DF,9.6,0.5333333333333333,276
Adrien Truffert,Rennes,Ligue 1,DF,DF,21,17.7,18000000,18.0,2023-06-27,DF,9.49,0.5272222222222223,277
Ramy Bensebaini,M'Gladbach,Bundesliga,DF,DF,27,17.9,20000000,20.0,2023-06-22,DF,10.540000000000001,0.527,278
Julian Ryerson,Union Berlin,Bundesliga,DF,DF,25,11.5,13000000,13.0,2023-06-22,DF,6.85,0.5269230769230769,279
Nico Elvedi,M'Gladbach,Bundesliga,DF,DF,26,16.5,18000000,18.0,2023-06-22,DF,9.4,0.5222222222222223,280
Lucas Digne,Aston Villa,Premier League,DF,DF,29,12.3,15000000,15.0,2023-06-20,DF,7.8,0.52,281
Vanderson,Monaco,Ligue 1,DF,DF,21,14.4,20000000,20.0,2023-06-27,DF,10.28,0.514,282
Eric Dier,Tottenham,Premier League,DF,DF,29,21.3,18000000,18.0,2023-06-20,DF,9.21,0.5116666666666667,283
Neco Williams,Nott'ham Forest,Premier League,DF,DF,21,13.5,20000000,20.0,2023-06-20,DF,10.23,0.5115000000000001,284
Christian Günter,Freiburg,Bundesliga,DFMF,DF,29,19.6,7500000,7.5,2023-06-22,DF,3.77,0.5026666666666667,285
David Raum,RB Leipzig,Bundesliga,DFFW,DF,24,13.1,14000000,14.0,2023-06-22,DF,7.0200000000000005,0.5014285714285714,286
Ben Davies,Tottenham,Premier League,DF,DF,29,16.0,15000000,15.0,2023-06-20,DF,7.5,0.5,287
Wout Faes,Leicester City,Premier League,DF,DF,24,16.0,20000000,20.0,2023-06-20,DF,10.0,0.5,287
Álex Moreno,Betis,La Liga,DF,DF,29,15.0,15000000,15.0,2023-06-20,DF,7.39,0.49266666666666664,289
Issa Diop,Fulham,Premier League,DF,DF,26,12.7,18000000,18.0,2023-06-20,DF,8.82,0.49,290
Marcos Senesi,Bournemouth,Premier League,DF,DF,25,15.9,22000000,22.0,2023-06-20,DF,10.75,0.48863636363636365,291
Joe Gomez,Liverpool,Premier League,DF,DF,25,12.3,22000000,22.0,2023-06-20,DF,10.73,0.48772727272727273,292
Jonathan Tah,Leverkusen,Bundesliga,DF,DF,27,16.6,20000000,20.0,2023-06-22,DF,9.64,0.48200000000000004,293
Davide Calabria,Milan,Serie A,DF,DF,26,11.1,20000000,20.0,2023-06-15,DF,9.54,0.477,294
Tiago Djaló,Lille,Ligue 1,DF,DF,22,19.3,16000000,16.0,2023-06-27,DF,7.52,0.47,295
James Justin,Leicester City,Premier League,DF,DF,24,13.9,20000000,20.0,2023-06-20,DF,9.280000000000001,0.4640000000000001,296
Trevoh Chalobah,Chelsea,Premier League,DF,DF,23,10.8,18000000,18.0,2023-06-20,DF,8.33,0.4627777777777778,297
Miguel Gutiérrez,Girona,La Liga,DF,DF,21,17.0,10000000,10.0,2023-06-13,DF,4.58,0.458,298
Gianluca Mancini,Roma,Serie A,DF,DF,26,20.2,18000000,18.0,2023-06-15,DF,8.22,0.4566666666666667,299
Nordi Mukiele,Paris S-G,Ligue 1,DF,DF,25,11.2,18000000,18.0,2023-06-27,DF,8.129999999999999,0.4516666666666666,300
Philipp Lienhart,Freiburg,Bundesliga,DF,DF,26,19.3,20000000,20.0,2023-06-22,DF,9.02,0.45099999999999996,301
Joe Scally,M'Gladbach,Bundesliga,DF,DF,20,16.8,12000000,12.0,2023-06-22,DF,5.3500000000000005,0.44583333333333336,302
Juan Bernat,Paris S-G,Ligue 1,DF,DF,29,11.0,10000000,10.0,2023-06-27,DF,4.45,0.445,303
Nathan Collins,Wolves,Premier League,DF,DF,21,16.4,22000000,22.0,2023-06-20,DF,9.75,0.4431818181818182,304
Kurt Zouma,West Ham,Premier League,DF,DF,28,14.2,22000000,22.0,2023-06-20,DF,9.72,0.44181818181818183,305
Lewis Dunk,Brighton,Premier League,DF,DF,31,21.0,16000000,16.0,2023-06-20,DF,7.010000000000001,0.43812500000000004,306
Borna Sosa,Stuttgart,Bundesliga,DFMF,DF,25,11.0,12000000,12.0,2023-06-22,DF,5.1899999999999995,0.43249999999999994,307
Joachim Andersen,Crystal Palace,Premier League,DF,DF,26,16.4,30000000,30.0,2023-06-20,DF,12.87,0.429,308
Renan Lodi,Nott'ham Forest,Premier League,DF,DF,24,12.2,20000000,20.0,2023-06-20,DF,8.53,0.4265,309
Kevin Danso,Lens,Ligue 1,DF,DF,24,22.0,22000000,22.0,2023-06-27,DF,9.37,0.42590909090909085,310
Angeliño,Hoffenheim,Bundesliga,DF,DF,26,17.7,12000000,12.0,2023-06-22,DF,5.03,0.4191666666666667,311
Perr Schuurs,Torino,Serie A,DF,DF,23,13.3,25000000,25.0,2023-06-15,DF,10.379999999999999,0.41519999999999996,312
Chancel Mbemba,Marseille,Ligue 1,DF,DF,28,21.4,20000000,20.0,2023-06-27,DF,8.27,0.4135,313
Jakub Kiwior,Spezia,Serie A,DF,DF,22,16.0,25000000,25.0,2023-06-20,DF,10.329999999999998,0.41319999999999996,314
Tyrone Mings,Aston Villa,Premier League,DF,DF,29,19.0,22000000,22.0,2023-06-20,DF,9.05,0.4113636363636364,315
Thilo Kehrer,West Ham,Premier League,DF,DF,26,16.5,18000000,18.0,2023-06-20,DF,7.4,0.41111111111111115,316
Amir Rrahmani,Napoli,Serie A,DF,DF,28,13.4,25000000,25.0,2023-06-15,DF,10.08,0.4032,317
Reinildo Mandava,Atlético Madrid,La Liga,DF,DF,29,18.4,25000000,25.0,2023-06-13,DF,9.930000000000001,0.39720000000000005,318
Nicolò Casale,Lazio,Serie A,DF,DF,24,14.6,22000000,22.0,2023-06-15,DF,8.49,0.3859090909090909,319
Timothy Castagne,Leicester City,Premier League,DF,DF,27,20.2,25000000,25.0,2023-06-20,DF,9.11,0.3644,320
Tyrick Mitchell,Crystal Palace,Premier League,DF,DF,23,16.2,22000000,22.0,2023-06-20,DF,7.960000000000001,0.36181818181818187,321
Jonathan Clauss,Marseille,Ligue 1,DF,DF,30,15.9,14000000,14.0,2023-06-27,DF,4.96,0.35428571428571426,322
Adam Webster,Brighton,Premier League,DF,DF,28,13.9,25000000,25.0,2023-06-20,DF,8.69,0.34759999999999996,323
Vitaliy Mykolenko,Everton,Premier League,DFMF,DF,23,19.8,25000000,25.0,2023-06-20,DF,8.49,0.3396,324
Axel Disasi,Monaco,Ligue 1,DF,DF,24,22.0,30000000,30.0,2023-06-27,DF,9.96,0.332,325
Ezri Konsa,Aston Villa,Premier League,DF,DF,25,19.9,25000000,25.0,2023-06-20,DF,8.24,0.3296,326
Arthur Theate,Rennes,Ligue 1,DF,DF,22,21.9,22000000,22.0,2023-06-27,DF,7.25,0.32954545454545453,327
José María Giménez,Atlético Madrid,La Liga,DF,DF,28,11.2,35000000,35.0,2023-06-13,DF,11.16,0.31885714285714284,328
Jean-Clair Todibo,Nice,Ligue 1,DF,DF,23,19.5,30000000,30.0,2023-06-27,DF,9.49,0.31633333333333336,329
Nuno Tavares,Marseille,Ligue 1,DFMF,DF,23,16.5,18000000,18.0,2023-06-27,DF,5.579999999999999,0.30999999999999994,330
Matty Cash,Aston Villa,Premier League,DF,DF,25,13.2,25000000,25.0,2023-06-20,DF,7.199999999999999,0.288,331
Castello Lukeba,Lyon,Ligue 1,DF,DF,20,18.2,25000000,25.0,2023-06-27,DF,7.08,0.2832,332
Raphaël Varane,Manchester Utd,Premier League,DF,DF,29,14.4,35000000,35.0,2023-06-20,DF,9.66,0.276,333
Virgil van Dijk,Liverpool,Premier League,DF,DF,31,16.5,35000000,35.0,2023-06-20,DF,9.58,0.27371428571428574,334
Edmond Tapsoba,Leverkusen,Bundesliga,DF,DF,24,19.6,30000000,30.0,2023-06-22,DF,8.209999999999999,0.2736666666666666,335
Malo Gusto,Lyon,Ligue 1,DF,DF,19,16.0,25000000,25.0,2023-06-27,DF,6.75,0.27,336
Nicola Zalewski,Roma,Serie A,DF,DF,21,12.6,20000000,20.0,2023-06-15,DF,5.4,0.27,336
Facundo Medina,Lens,Ligue 1,DF,DF,23,18.9,22000000,22.0,2023-06-27,DF,5.920000000000001,0.2690909090909091,338
Pierre Kalulu,Milan,Serie A,DF,DF,22,18.6,30000000,30.0,2023-06-15,DF,8.07,0.269,339
Kyle Walker-Peters,Southampton,Premier League,DF,DF,25,15.6,25000000,25.0,2023-06-20,DF,6.72,0.2688,340
Robin Le Normand,Real Sociedad,La Liga,DF,DF,26,15.1,35000000,35.0,2023-06-13,DF,9.4,0.26857142857142857,341
Piero Hincapié,Leverkusen,Bundesliga,DF,DF,21,16.2,35000000,35.0,2023-06-22,DF,9.32,0.2662857142857143,342
Marc Guéhi,Crystal Palace,Premier League,DF,DF,22,21.0,35000000,35.0,2023-06-20,DF,9.14,0.2611428571428572,343
Nico Schlotterbeck,Dortmund,Bundesliga,DF,DF,23,19.3,40000000,40.0,2023-06-22,DF,10.36,0.259,344
Marc Cucurella,Chelsea,Premier League,DF,DF,24,14.9,35000000,35.0,2023-06-20,DF,9.000000000000002,0.2571428571428572,345
Benjamin Pavard,Bayern Munich,Bundesliga,DF,DF,26,15.3,40000000,40.0,2023-06-22,DF,9.99,0.24975,346
Pervis Estupiñán,Brighton,Premier League,DF,DF,25,14.0,32000000,32.0,2023-06-20,DF,7.99,0.2496875,347
Giovanni Di Lorenzo,Napoli,Serie A,DF,DF,29,20.9,25000000,25.0,2023-06-15,DF,6.220000000000001,0.24880000000000002,348
Rico Henry,Brentford,Premier League,DF,DF,25,20.9,28000000,28.0,2023-06-20,DF,6.85,0.24464285714285713,349
Giorgio Scalvini,Atalanta,Serie A,DF,DF,19,13.7,40000000,40.0,2023-06-15,DF,9.56,0.23900000000000002,350
Dodô,Fiorentina,Serie A,DF,DF,24,13.2,20000000,20.0,2023-06-15,DF,4.76,0.238,351
Fikayo Tomori,Milan,Serie A,DF,DF,25,17.5,40000000,40.0,2023-06-15,DF,9.48,0.23700000000000002,352
Lisandro Martínez,Manchester Utd,Premier League,DF,DF,25,17.4,50000000,50.0,2023-06-20,DF,11.6,0.23199999999999998,353
Raphaël Guerreiro,Dortmund,Bundesliga,DF,DF,29,15.4,20000000,20.0,2023-06-22,DF,4.540000000000001,0.22700000000000004,354
Diogo Dalot,Manchester Utd,Premier League,DF,DF,23,14.1,40000000,40.0,2023-06-20,DF,8.94,0.22349999999999998,355
Denzel Dumfries,Inter,Serie A,DF,DF,26,13.3,28000000,28.0,2023-06-15,DF,6.01,0.21464285714285714,356
Sven Botman,Newcastle Utd,Premier League,DF,DF,23,18.7,45000000,45.0,2023-06-20,DF,9.24,0.20533333333333334,357
Antonio Rüdiger,Real Madrid,La Liga,DF,DF,29,13.6,32000000,32.0,2023-06-13,DF,6.54,0.204375,358
Nahuel Molina,Atlético Madrid,La Liga,DF,DF,24,15.3,35000000,35.0,2023-06-13,DF,6.67,0.19057142857142856,359
Luke Shaw,Manchester Utd,Premier League,DF,DF,27,16.7,42000000,42.0,2023-06-20,DF,7.98,0.19,360
Pau Torres,Villarreal,La Liga,DF,DF,26,17.0,45000000,45.0,2023-06-13,DF,8.170000000000002,0.18155555555555558,361
Niklas Süle,Dortmund,Bundesliga,DF,DF,27,12.8,35000000,35.0,2023-06-22,DF,6.25,0.17857142857142858,362
Ferland Mendy,Real Madrid,La Liga,DF,DF,27,12.5,25000000,25.0,2023-06-13,DF,4.4,0.17600000000000002,363
Cristian Romero,Tottenham,Premier League,DF,DF,24,13.3,60000000,60.0,2023-06-20,DF,10.53,0.1755,364
Yannick Carrasco,Atlético Madrid,La Liga,DFMF,DF,29,10.8,25000000,25.0,2023-06-13,DF,4.26,0.1704,365
Oleksandr Zinchenko,Arsenal,Premier League,DF,DF,26,12.0,42000000,42.0,2023-06-20,DF,7.08,0.16857142857142857,366
Dayot Upamecano,Bayern Munich,Bundesliga,DF,DF,24,18.9,60000000,60.0,2023-06-22,DF,9.63,0.1605,367
Éder Militão,Real Madrid,La Liga,DF,DF,25,13.5,70000000,70.0,2023-06-13,DF,11.18,0.1597142857142857,368
Nathan Aké,Manchester City,Premier League,DF,DF,27,12.8,42000000,42.0,2023-06-20,DF,6.6499999999999995,0.15833333333333333,369
Manuel Akanji,Manchester City,Premier League,DF,DF,27,14.3,38000000,38.0,2023-06-20,DF,5.67,0.14921052631578946,370
Jeremie Frimpong,Leverkusen,Bundesliga,DFMF,DF,22,17.9,40000000,40.0,2023-06-22,DF,5.86,0.14650000000000002,371
Ben White,Arsenal,Premier League,DF,DF,25,18.7,55000000,55.0,2023-06-20,DF,7.85,0.14272727272727273,372
Matthijs de Ligt,Bayern Munich,Bundesliga,DF,DF,23,13.5,75000000,75.0,2023-06-22,DF,10.37,0.13826666666666665,373
Andrew Robertson,Liverpool,Premier League,DF,DF,28,14.7,40000000,40.0,2023-06-20,DF,5.3100000000000005,0.13275,374
Alessandro Bastoni,Inter,Serie A,DF,DF,23,14.1,60000000,60.0,2023-06-15,DF,7.95,0.1325,375
John Stones,Manchester City,Premier League,DF,DF,28,13.1,40000000,40.0,2023-06-20,DF,5.28,0.132,376
João Cancelo,Manchester City,Premier League,DF,DF,28,14.2,50000000,50.0,2023-06-22,DF,6.4,0.128,377
Federico Dimarco,Inter,Serie A,DF,DF,25,16.3,35000000,35.0,2023-06-15,DF,4.239999999999999,0.12114285714285712,378
William Saliba,Arsenal,Premier League,DF,DF,21,20.8,65000000,65.0,2023-06-20,DF,7.75,0.11923076923076924,379
David Alaba,Real Madrid,La Liga,DF,DF,30,15.2,40000000,40.0,2023-06-13,DF,4.14,0.1035,380
Jules Koundé,Barcelona,La Liga,DF,DF,24,11.5,60000000,60.0,2023-06-13,DF,5.8999999999999995,0.09833333333333333,381
Theo Hernández,Milan,Serie A,DF,DF,25,18.3,60000000,60.0,2023-06-15,DF,5.790000000000001,0.09650000000000002,382
Alejandro Balde,Barcelona,La Liga,DF,DF,19,13.4,50000000,50.0,2023-06-13,DF,4.55,0.091,383
Nuno Mendes,Paris S-G,Ligue 1,DFMF,DF,20,10.0,65000000,65.0,2023-06-27,DF,5.8,0.08923076923076922,384
Trent Alexander-Arnold,Liverpool,Premier League,DF,DF,24,16.0,65000000,65.0,2023-06-20,DF,5.389999999999999,0.0829230769230769,385
Achraf Hakimi,Paris S-G,Ligue 1,DFMF,DF,24,16.8,65000000,65.0,2023-06-27,DF,5.25,0.08076923076923077,386
Alphonso Davies,Bayern Munich,Bundesliga,DF,DF,22,15.5,70000000,70.0,2023-06-22,DF,5.03,0.07185714285714286,387
Jonas Hofmann,M'Gladbach,Bundesliga,FW,FW,30,15.6,150000,0.15,2023-06-19,FW,2.6067179487179484,17.378119658119658,1
Samuel,Valencia,La Liga,FWMF,FW,23,19.8,100000,0.1,2023-06-21,FW,1.325010101010101,13.250101010101009,2
Antony,Manchester Utd,Premier League,FW,FW,22,10.1,600000,0.6,2023-06-16,FW,1.2380297029702971,2.063382838283829,3
Florian Niederlechner,Augsburg,Bundesliga,FWMF,FW,32,10.1,800000,0.8,2023-06-22,FW,1.0430396039603962,1.3037995049504951,4
Simon Terodde,Schalke 04,Bundesliga,FW,FW,34,14.2,900000,0.9,2023-06-22,FW,1.0292676056338028,1.1436306729264476,5
Nuno da Costa,Auxerre,Ligue 1,FWMF,FW,32,12.8,1000000,1.0,2023-06-27,FW,1.096375,1.096375,6
Kévin Gameiro,Strasbourg,Ligue 1,FW,FW,35,15.5,1200000,1.2,2023-06-27,FW,1.2906129032258065,1.0755107526881722,7
André Silva,RB Leipzig,Bundesliga,FW,FW,27,13.3,2000000,2.0,2023-06-16,FW,1.988751879699248,0.994375939849624,8
Pedro,Lazio,Serie A,FW,FW,35,12.4,1500000,1.5,2023-06-15,FW,1.3919354838709677,0.9279569892473117,9
Léo Baptistão,Almería,La Liga,FWMF,FW,30,10.5,1800000,1.8,2023-06-13,FW,1.5027142857142857,0.8348412698412698,10
Amine Salama,Angers,Ligue 1,FWMF,FW,22,11.1,1500000,1.5,2023-06-27,FW,1.0262702702702702,0.6841801801801801,11
Willian,Fulham,Premier League,FW,FW,34,13.4,3000000,3.0,2023-06-20,FW,2.0178805970149254,0.6726268656716418,12
Federico Di Francesco,Lecce,Serie A,FWMF,FW,28,12.5,1800000,1.8,2023-06-15,FW,1.184,0.6577777777777777,13
Renaud Ripart,Troyes,Ligue 1,FWMF,FW,29,11.2,2500000,2.5,2023-06-27,FW,1.5848571428571427,0.6339428571428571,14
Islam Slimani,Brest,Ligue 1,FW,FW,34,11.0,1500000,1.5,2023-06-09,FW,0.9429090909090908,0.6286060606060605,15
Sergio León,Valladolid,La Liga,FW,FW,34,10.1,2000000,2.0,2023-06-13,FW,1.2190495049504948,0.6095247524752474,16
Simon Zoller,Bochum,Bundesliga,FW,FW,31,13.5,1100000,1.1,2023-06-22,FW,0.6602222222222223,0.6002020202020202,17
Kevin Lasagna,Hellas Verona,Serie A,FWMF,FW,30,12.4,1800000,1.8,2023-06-15,FW,1.0146451612903227,0.5636917562724014,18
Rafael Ratão,Toulouse,Ligue 1,FW,FW,27,12.7,2500000,2.5,2023-06-27,FW,1.40396062992126,0.5615842519685039,19
Manolo Gabbiadini,Sampdoria,Serie A,FWMF,FW,31,11.8,2000000,2.0,2023-06-15,FW,1.1189830508474576,0.5594915254237288,20
Roberto Soriano,Bologna,Serie A,FWMF,FW,32,11.4,2500000,2.5,2023-06-15,FW,1.3889999999999998,0.5555999999999999,21
Alexis Sánchez,Marseille,Ligue 1,FW,FW,34,16.3,4000000,4.0,2023-06-27,FW,1.9281472392638037,0.48203680981595093,22
Karim Onisiwo,Mainz 05,Bundesliga,FWMF,FW,30,19.3,3500000,3.5,2023-06-22,FW,1.6655077720207254,0.475859363434493,23
Francesco Caputo,Sampdoria,Serie A,FW,FW,35,12.2,1500000,1.5,2023-06-15,FW,0.6889672131147541,0.459311475409836,24
Pere Milla,Elche,La Liga,FWMF,FW,30,13.4,3000000,3.0,2023-06-13,FW,1.2997611940298508,0.4332537313432836,25
Grejohn Kyei,Clermont Foot,Ligue 1,FW,FW,27,12.0,2500000,2.5,2023-06-27,FW,1.056,0.4224,26
Philipp Hofmann,Bochum,Bundesliga,FW,FW,29,16.2,2800000,2.8,2023-06-22,FW,1.1810987654320988,0.421820987654321,27
Edinson Cavani,Valencia,La Liga,FW,FW,35,10.5,3000000,3.0,2023-06-13,FW,1.2411904761904762,0.4137301587301587,28
Jamie Vardy,Leicester City,Premier League,FW,FW,36,13.1,2500000,2.5,2023-06-20,FW,1.0113358778625954,0.40453435114503816,29
Marius Bülter,Schalke 04,Bundesliga,FWMF,FW,29,16.6,3000000,3.0,2023-06-22,FW,1.197722891566265,0.3992409638554217,30
Isaac Success,Udinese,Serie A,FW,FW,27,14.2,4000000,4.0,2023-06-15,FW,1.588,0.397,31
Olivier Giroud,Milan,Serie A,FW,FW,36,15.0,4000000,4.0,2023-06-15,FW,1.5616666666666668,0.3904166666666667,32
Adama Traoré,Wolves,Premier League,FWMF,FW,27,10.0,3000000,3.0,2023-06-01,FW,1.16,0.38666666666666666,33
Steffen Tigges,Köln,Bundesliga,FW,FW,24,10.6,3500000,3.5,2023-06-22,FW,1.352698113207547,0.3864851752021563,34
Rubén Sobrino,Cádiz,La Liga,FWMF,FW,30,13.1,2000000,2.0,2023-06-13,FW,0.7513358778625954,0.3756679389312977,35
Chris Führich,Stuttgart,Bundesliga,FWMF,FW,25,13.1,4000000,4.0,2023-06-22,FW,1.4683435114503818,0.36708587786259544,36
Assan Ceesay,Lecce,Serie A,FW,FW,28,10.3,2500000,2.5,2023-06-15,FW,0.9112621359223301,0.36450485436893204,37
Adrien Hunou,Angers,Ligue 1,FWMF,FW,29,17.7,2500000,2.5,2023-06-27,FW,0.9024915254237289,0.3609966101694916,38
Iago Aspas,Celta Vigo,La Liga,FW,FW,35,18.5,6000000,6.0,2023-06-13,FW,2.0774864864864866,0.34624774774774775,39
Óscar Plano,Valladolid,La Liga,FWMF,FW,32,14.2,3000000,3.0,2023-06-13,FW,1.0324225352112677,0.3441408450704226,40
David Okereke,Cremonese,Serie A,FWMF,FW,25,16.0,4000000,4.0,2023-06-15,FW,1.3175000000000001,0.32937500000000003,41
Wilfried Kanga,Hertha BSC,Bundesliga,FW,FW,24,13.0,3000000,3.0,2023-06-22,FW,0.9078461538461539,0.3026153846153846,42
Alassane Pléa,M'Gladbach,Bundesliga,FW,FW,29,11.6,8000000,8.0,2023-06-22,FW,2.417413793103448,0.302176724137931,43
Linton Maina,Köln,Bundesliga,FWMF,FW,23,12.2,6000000,6.0,2023-06-22,FW,1.727934426229508,0.28798907103825133,44
Gonzalo Plata,Valladolid,La Liga,FWMF,FW,22,10.2,5000000,5.0,2023-06-13,FW,1.424,0.2848,45
Evann Guessand,Nantes,Ligue 1,FWMF,FW,21,10.5,4500000,4.5,2023-06-27,FW,1.2574761904761904,0.27943915343915343,46
Federico Bonazzoli,Salernitana,Serie A,FW,FW,25,10.0,4000000,4.0,2023-06-15,FW,1.11,0.2775,47
Gerard Deulofeu,Udinese,Serie A,FW,FW,28,13.5,10000000,10.0,2023-06-15,FW,2.768148148148148,0.2768148148148148,48
Marvin Ducksch,Werder Bremen,Bundesliga,FW,FW,28,18.5,7500000,7.5,2023-06-22,FW,2.068216216216216,0.27576216216216215,49
Jérémy Le Douaron,Brest,Ligue 1,FWMF,FW,24,10.6,4500000,4.5,2023-06-27,FW,1.223698113207547,0.2719329140461216,50
Lorenzo Colombo,Lecce,Serie A,FW,FW,20,11.0,5000000,5.0,2023-06-15,FW,1.3146363636363636,0.26292727272727273,51
Álvaro García,Rayo Vallecano,La Liga,FWMF,FW,30,16.5,6000000,6.0,2023-06-13,FW,1.5474242424242424,0.2579040404040404,52
Joselu,Espanyol,La Liga,FW,FW,32,19.0,6000000,6.0,2023-06-13,FW,1.4819473684210525,0.2469912280701754,53
Vincenzo Grifo,Freiburg,Bundesliga,FWMF,FW,29,14.3,12000000,12.0,2023-06-22,FW,2.929230769230769,0.24410256410256406,54
Rodrigo,Leeds United,Premier League,FWMF,FW,31,14.4,6000000,6.0,2023-06-20,FW,1.4584444444444447,0.2430740740740741,55
Michael Gregoritsch,Freiburg,Bundesliga,FW,FW,28,16.1,8000000,8.0,2023-06-22,FW,1.930782608695652,0.2413478260869565,56
M'Baye Niang,Auxerre,Ligue 1,FW,FW,28,11.5,2500000,2.5,2023-06-27,FW,0.5998695652173913,0.23994782608695653,57
Emmanuel Gyasi,Spezia,Serie A,FWDF,FW,29,17.1,2000000,2.0,2023-06-15,FW,0.4634795321637427,0.23173976608187136,58
Lameck Banda,Lecce,Serie A,FWMF,FW,22,11.7,4000000,4.0,2023-06-15,FW,0.9204700854700854,0.23011752136752134,59
Rodrigo,Betis,La Liga,FWMF,FW,22,10.0,6000000,6.0,2023-06-20,FW,1.34,0.22333333333333336,60
Samu Castillejo,Valencia,La Liga,FW,FW,28,10.7,6000000,6.0,2023-06-13,FW,1.333373831775701,0.22222897196261682,61
Martin Braithwaite,Espanyol,La Liga,FWMF,FW,31,13.2,5000000,5.0,2023-06-13,FW,1.1097878787878788,0.22195757575757574,62
Jordan Ayew,Crystal Palace,Premier League,FWMF,FW,31,16.6,5000000,5.0,2023-06-20,FW,1.0232409638554216,0.20464819277108431,63
Mostafa Mohamed,Nantes,Ligue 1,FW,FW,25,13.4,6000000,6.0,2023-06-27,FW,1.2101343283582089,0.20168905472636814,64
Kieffer Moore,Bournemouth,Premier League,FW,FW,30,12.4,4000000,4.0,2023-06-20,FW,0.7895806451612902,0.19739516129032256,65
Dany Mota,Monza,Serie A,FWMF,FW,24,11.1,6000000,6.0,2023-06-15,FW,1.1702702702702703,0.19504504504504505,66
Thomas Henry,Hellas Verona,Serie A,FW,FW,28,11.4,4000000,4.0,2023-06-15,FW,0.754438596491228,0.188609649122807,67
Michail Antonio,West Ham,Premier League,FW,FW,32,11.7,7000000,7.0,2023-06-20,FW,1.3129401709401707,0.18756288156288153,68
Franck Honorat,Brest,Ligue 1,FWMF,FW,26,19.2,10000000,10.0,2023-06-27,FW,1.8102499999999997,0.18102499999999996,69
Karl Toko Ekambi,Lyon,Ligue 1,FWMF,FW,30,15.0,8000000,8.0,2023-06-27,FW,1.4006666666666665,0.1750833333333333,70
Danny Welbeck,Brighton,Premier League,FW,FW,32,12.7,7000000,7.0,2023-06-20,FW,1.221740157480315,0.1745343082114736,71
Cyriel Dessers,Cremonese,Serie A,FW,FW,28,13.4,5000000,5.0,2023-06-15,FW,0.8718805970149254,0.17437611940298509,72
Moses Simon,Nantes,Ligue 1,FWMF,FW,27,17.4,8000000,8.0,2023-06-27,FW,1.3933563218390805,0.17416954022988507,73
Arkadiusz Milik,Juventus,Serie A,FW,FW,28,11.0,8000000,8.0,2023-06-15,FW,1.3164545454545455,0.1645568181818182,74
Abdallah Sima,Angers,Ligue 1,FW,FW,21,10.3,6000000,6.0,2023-06-27,FW,0.9511747572815534,0.15852912621359225,75
Wissam Ben Yedder,Monaco,Ligue 1,FW,FW,32,12.6,15000000,15.0,2023-06-27,FW,2.3691111111111116,0.15794074074074077,76
Riccardo Orsolini,Bologna,Serie A,FW,FW,26,12.8,12000000,12.0,2023-06-15,FW,1.860625,0.15505208333333334,77
Largie Ramazani,Almería,La Liga,FWMF,FW,21,11.5,6000000,6.0,2023-06-13,FW,0.9239130434782609,0.1539855072463768,78
Junya Ito,Reims,Ligue 1,FW,FW,29,16.8,10000000,10.0,2023-06-27,FW,1.525095238095238,0.15250952380952382,79
Zakaria Aboukhlal,Toulouse,Ligue 1,FWMF,FW,22,16.7,9000000,9.0,2023-06-27,FW,1.3614011976047906,0.15126679973386561,80
Gabriel Strefezza,Lecce,Serie A,FWMF,FW,25,15.9,10000000,10.0,2023-06-15,FW,1.507251572327044,0.1507251572327044,81
Riyad Mahrez,Manchester City,Premier League,FWMF,FW,31,10.0,20000000,20.0,2023-06-20,FW,2.96,0.148,82
Alexandre Lacazette,Lyon,Ligue 1,FW,FW,31,21.4,14000000,14.0,2023-06-27,FW,2.054476635514019,0.1467483311081442,83
Mergim Berisha,Augsburg,Bundesliga,FW,FW,24,12.7,12000000,12.0,2023-06-22,FW,1.74944094488189,0.14578674540682415,84
M'Bala Nzola,Spezia,Serie A,FW,FW,26,17.7,8000000,8.0,2023-06-15,FW,1.1234745762711864,0.1404343220338983,85
Christian Kouamé,Fiorentina,Serie A,FW,FW,25,15.0,12000000,12.0,2023-06-15,FW,1.637333333333333,0.13644444444444442,86
Niclas Füllkrug,Werder Bremen,Bundesliga,FW,FW,30,18.5,13000000,13.0,2023-06-22,FW,1.7697027027027026,0.13613097713097713,87
Arnaud Nordin,Montpellier,Ligue 1,FWMF,FW,24,12.4,7000000,7.0,2023-06-27,FW,0.9415806451612903,0.13451152073732717,88
Roberto Firmino,Liverpool,Premier League,FWMF,FW,31,10.3,18000000,18.0,2023-06-20,FW,2.4166116504854367,0.13425620280474648,89
Ciro Immobile,Lazio,Serie A,FW,FW,32,13.2,15000000,15.0,2023-06-15,FW,1.9853030303030303,0.13235353535353536,90
Javi Puado,Espanyol,La Liga,FWMF,FW,24,12.8,8000000,8.0,2023-06-13,FW,1.0383749999999998,0.12979687499999998,91
Sergio Camello,Rayo Vallecano,La Liga,FW,FW,22,15.9,10000000,10.0,2023-06-13,FW,1.2534654088050314,0.12534654088050315,92
Domenico Berardi,Sassuolo,Serie A,FW,FW,28,10.2,18000000,18.0,2023-06-15,FW,2.230156862745098,0.12389760348583878,93
El Bilal Touré,Almería,La Liga,FW,FW,21,10.4,12000000,12.0,2023-06-13,FW,1.4766153846153844,0.12305128205128203,94
Alexander Sørloth,Real Sociedad,La Liga,FW,FW,27,14.2,12000000,12.0,2023-06-13,FW,1.4413802816901409,0.1201150234741784,95
Lucas Boyé,Elche,La Liga,FW,FW,26,13.5,10000000,10.0,2023-06-13,FW,1.120074074074074,0.1120074074074074,96
Antoine Griezmann,Atlético Madrid,La Liga,FWMF,FW,31,14.1,25000000,25.0,2023-06-13,FW,2.694531914893617,0.10778127659574467,97
Sheraldo Becker,Union Berlin,Bundesliga,FW,FW,28,16.2,17000000,17.0,2023-06-22,FW,1.8240987654320988,0.10729992737835875,98
Sadio Mané,Bayern Munich,Bundesliga,FW,FW,30,10.1,25000000,25.0,2023-06-22,FW,2.647059405940594,0.10588237623762377,99
Felipe Anderson,Lazio,Serie A,FW,FW,29,18.7,15000000,15.0,2023-06-15,FW,1.5858556149732619,0.10572370766488412,100
Thijs Dallinga,Toulouse,Ligue 1,FW,FW,22,13.4,12000000,12.0,2023-06-27,FW,1.2633880597014928,0.10528233830845773,101
Sergio Canales,Betis,La Liga,FWMF,FW,31,16.2,15000000,15.0,2023-06-13,FW,1.5551851851851852,0.10367901234567901,102
Jørgen Strand Larsen,Celta Vigo,La Liga,FW,FW,23,11.1,11000000,11.0,2023-06-13,FW,1.1341801801801803,0.10310728910728911,103
Karim Benzema,Real Madrid,La Liga,FW,FW,35,11.6,25000000,25.0,2023-06-13,FW,2.563862068965517,0.10255448275862068,104
Breel Embolo,Monaco,Ligue 1,FW,FW,25,17.1,20000000,20.0,2023-06-27,FW,2.004754385964912,0.10023771929824561,105
Jonathan Bamba,Lille,Ligue 1,FW,FW,26,16.2,20000000,20.0,2023-06-27,FW,1.9419135802469136,0.09709567901234568,106
Callum Wilson,Newcastle Utd,Premier League,FW,FW,30,12.5,16000000,16.0,2023-06-20,FW,1.552,0.097,107
Ademola Lookman,Atalanta,Serie A,FWMF,FW,25,14.4,30000000,30.0,2023-06-15,FW,2.8533333333333335,0.09511111111111112,108
Antonio Sanabria,Torino,Serie A,FW,FW,26,12.1,10000000,10.0,2023-06-15,FW,0.9215785123966942,0.09215785123966942,109
Borja Mayoral,Getafe,La Liga,FW,FW,25,18.0,9000000,9.0,2023-06-13,FW,0.8222222222222222,0.09135802469135802,110
Gerard Moreno,Villarreal,La Liga,FW,FW,30,10.2,20000000,20.0,2023-06-13,FW,1.7471960784313725,0.08735980392156863,111
Nicolas Pépé,Nice,Ligue 1,FWMF,FW,27,13.6,18000000,18.0,2023-06-27,FW,1.564176470588235,0.0868986928104575,112
Dango Ouattara,Lorient,Ligue 1,FWMF,FW,21,17.2,25000000,25.0,2023-06-20,FW,2.1718372093023257,0.08687348837209302,113
Odsonne Édouard,Crystal Palace,Premier League,FWMF,FW,25,12.1,15000000,15.0,2023-06-20,FW,1.2869338842975206,0.08579559228650138,114
Robert Lewandowski,Barcelona,La Liga,FW,FW,34,14.8,30000000,30.0,2023-06-13,FW,2.5209459459459462,0.08403153153153155,115
Georginio Rutter,Hoffenheim,Bundesliga,FW,FW,20,11.2,18000000,18.0,2023-06-20,FW,1.5015714285714286,0.08342063492063492,116
Dwight McNeil,Everton,Premier League,FWDF,FW,23,10.9,20000000,20.0,2023-06-20,FW,1.64948623853211,0.08247431192660551,117
Yoane Wissa,Brentford,Premier League,FW,FW,26,10.4,18000000,18.0,2023-06-20,FW,1.4776153846153843,0.08208974358974358,118
Solly March,Brighton,Premier League,FWDF,FW,28,20.1,22000000,22.0,2023-06-20,FW,1.8027562189054727,0.0819434644957033,119
Álex Berenguer,Athletic Club,La Liga,FW,FW,27,15.2,15000000,15.0,2023-06-13,FW,1.2203684210526315,0.0813578947368421,120
Jack Harrison,Leeds United,Premier League,FWMF,FW,26,14.8,22000000,22.0,2023-06-20,FW,1.7855675675675673,0.08116216216216215,121
Martin Terrier,Rennes,Ligue 1,FWMF,FW,25,14.7,30000000,30.0,2023-06-27,FW,2.330244897959184,0.07767482993197279,122
Gaëtan Laborde,Nice,Ligue 1,FW,FW,28,15.5,16000000,16.0,2023-06-27,FW,1.2340967741935485,0.07713104838709678,123
Daniel Podence,Wolves,Premier League,FWMF,FW,27,14.6,20000000,20.0,2023-06-20,FW,1.5224657534246577,0.07612328767123289,124
Álvaro Morata,Atlético Madrid,La Liga,FW,FW,30,12.9,20000000,20.0,2023-06-13,FW,1.5166356589147287,0.07583178294573643,125
Hirving Lozano,Napoli,Serie A,FW,FW,27,10.9,25000000,25.0,2023-06-15,FW,1.892229357798165,0.07568917431192661,126
Wilfried Zaha,Crystal Palace,Premier League,FWMF,FW,30,18.5,22000000,22.0,2023-06-20,FW,1.617324324324324,0.07351474201474201,127
Ritsu Doan,Freiburg,Bundesliga,FWMF,FW,24,16.5,18000000,18.0,2023-06-22,FW,1.2822121212121211,0.07123400673400673,128
Terem Moffi,Lorient,Ligue 1,FW,FW,23,15.4,20000000,20.0,2023-06-27,FW,1.416220779220779,0.07081103896103895,129
Adam Armstrong,Southampton,Premier League,FW,FW,26,11.4,10000000,10.0,2023-06-20,FW,0.6967192982456141,0.06967192982456141,130
Andrea Pinamonti,Sassuolo,Serie A,FW,FW,23,14.5,15000000,15.0,2023-06-15,FW,1.020896551724138,0.06805977011494253,131
Demarai Gray,Everton,Premier League,FWMF,FW,26,18.7,20000000,20.0,2023-06-20,FW,1.359427807486631,0.06797139037433156,132
Saïd Benrahma,West Ham,Premier League,FWMF,FW,27,13.3,25000000,25.0,2023-06-20,FW,1.698563909774436,0.06794255639097745,133
Borja Iglesias,Betis,La Liga,FW,FW,30,16.4,20000000,20.0,2023-06-13,FW,1.355780487804878,0.0677890243902439,134
Tetê,Lyon,Ligue 1,FWMF,FW,22,12.3,25000000,25.0,2023-06-20,FW,1.6648048780487803,0.0665921951219512,135
Vedat Muriqi,Mallorca,La Liga,FW,FW,28,18.4,15000000,15.0,2023-06-13,FW,0.9987826086956522,0.06658550724637681,136
Boulaye Dia,Salernitana,Serie A,FW,FW,26,16.3,25000000,25.0,2023-06-15,FW,1.6307975460122701,0.06523190184049081,137
Samuel Chukwueze,Villarreal,La Liga,FWMF,FW,23,11.2,25000000,25.0,2023-06-13,FW,1.6192857142857144,0.06477142857142858,138
Luiz Henrique,Betis,La Liga,FW,FW,22,12.9,15000000,15.0,2023-06-13,FW,0.9365193798449611,0.06243462532299741,139
Kaoru Mitoma,Brighton,Premier League,FWDF,FW,25,10.3,32000000,32.0,2023-06-20,FW,1.9824368932038836,0.06195115291262136,140
Takefusa Kubo,Real Sociedad,La Liga,FWMF,FW,21,13.9,25000000,25.0,2023-06-13,FW,1.5428273381294966,0.06171309352517986,141
Habib Diallo,Strasbourg,Ligue 1,FW,FW,27,17.1,18000000,18.0,2023-06-27,FW,1.0647953216374269,0.05915529564652371,142
Nico Williams,Athletic Club,La Liga,FWMF,FW,20,18.2,30000000,30.0,2023-06-13,FW,1.7157802197802197,0.05719267399267399,143
Mattia Zaccagni,Lazio,Serie A,FWMF,FW,27,17.9,30000000,30.0,2023-06-15,FW,1.698927374301676,0.056630912476722535,144
Amine Gouiri,Rennes,Ligue 1,FW,FW,22,15.1,35000000,35.0,2023-06-27,FW,1.979026490066225,0.056543614001892145,145
Leandro Trossard,Brighton,Premier League,FWMF,FW,28,14.6,35000000,35.0,2023-06-20,FW,1.9764520547945206,0.05647005870841487,146
Folarin Balogun,Reims,Ligue 1,FW,FW,21,17.7,30000000,30.0,2023-06-27,FW,1.665960451977401,0.05553201506591336,147
Youssoufa Moukoko,Dortmund,Bundesliga,FW,FW,18,10.5,30000000,30.0,2023-06-22,FW,1.6444285714285714,0.05481428571428571,148
Dominic Solanke,Bournemouth,Premier League,FWMF,FW,25,15.9,20000000,20.0,2023-06-20,FW,1.0696792452830188,0.05348396226415094,149
Marcus Thuram,M'Gladbach,Bundesliga,FW,FW,25,17.9,32000000,32.0,2023-06-22,FW,1.691659217877095,0.05286435055865922,150
Miguel Almirón,Newcastle Utd,Premier League,FW,FW,29,20.2,32000000,32.0,2023-06-20,FW,1.6910495049504952,0.052845297029702976,151
Serge Gnabry,Bayern Munich,Bundesliga,FWMF,FW,27,12.3,55000000,55.0,2023-06-22,FW,2.8957073170731706,0.05264922394678492,152
Iñaki Williams,Athletic Club,La Liga,FW,FW,28,16.5,25000000,25.0,2023-06-13,FW,1.305030303030303,0.05220121212121212,153
Pablo Fornals,West Ham,Premier League,FWMF,FW,26,10.7,22000000,22.0,2023-06-20,FW,1.1314579439252337,0.05142990654205608,154
Arnaud Kalimuendo,Rennes,Ligue 1,FW,FW,21,10.8,22000000,22.0,2023-06-27,FW,1.1013703703703703,0.05006228956228956,155
Leon Bailey,Aston Villa,Premier League,FWMF,FW,25,14.6,28000000,28.0,2023-06-20,FW,1.370972602739726,0.0489633072407045,156
Enes Ünal,Getafe,La Liga,FW,FW,25,19.2,25000000,25.0,2023-06-13,FW,1.2115,0.04846,157
Timo Werner,RB Leipzig,Bundesliga,FWMF,FW,26,11.2,25000000,25.0,2023-06-22,FW,1.2084285714285714,0.048337142857142856,158
Beto,Udinese,Serie A,FW,FW,25,13.4,25000000,25.0,2023-06-15,FW,1.1883880597014926,0.047535522388059706,159
Gianluca Scamacca,West Ham,Premier League,FW,FW,24,10.3,22000000,22.0,2023-06-20,FW,1.04026213592233,0.0472846425419241,160
Ivan Toney,Brentford,Premier League,FW,FW,26,19.9,35000000,35.0,2023-06-20,FW,1.6365175879396983,0.04675764536970566,161
Raphinha,Barcelona,La Liga,FW,FW,26,10.7,60000000,60.0,2023-06-13,FW,2.7628317757009344,0.04604719626168224,162
Ousmane Dembélé,Barcelona,La Liga,FW,FW,25,12.2,60000000,60.0,2023-06-13,FW,2.7298360655737706,0.045497267759562844,163
Tammy Abraham,Roma,Serie A,FW,FW,25,17.6,40000000,40.0,2023-06-15,FW,1.686909090909091,0.04217272727272727,164
Khvicha Kvaratskhelia,Napoli,Serie A,FW,FW,22,13.7,85000000,85.0,2023-06-15,FW,3.3619416058394163,0.03955225418634607,165
Loïs Openda,Lens,Ligue 1,FW,FW,22,15.1,35000000,35.0,2023-06-27,FW,1.367026490066225,0.03905789971617786,166
Bryan Mbeumo,Brentford,Premier League,FW,FW,23,18.4,35000000,35.0,2023-06-20,FW,1.3367391304347824,0.03819254658385093,167
Moussa Diaby,Leverkusen,Bundesliga,FW,FW,23,18.4,50000000,50.0,2023-06-22,FW,1.8694347826086957,0.03738869565217391,168
Ollie Watkins,Aston Villa,Premier League,FW,FW,27,18.1,40000000,40.0,2023-06-20,FW,1.493243093922652,0.0373310773480663,169
Rasmus Højlund,Atalanta,Serie A,FW,FW,20,10.6,45000000,45.0,2023-06-15,FW,1.634698113207547,0.03632662473794549,170
Randal Kolo Muani,Eint Frankfurt,Bundesliga,FW,FW,24,16.0,80000000,80.0,2023-06-22,FW,2.8865,0.036081249999999995,171
Jarrod Bowen,West Ham,Premier League,FWMF,FW,26,21.9,38000000,38.0,2023-06-20,FW,1.283648401826484,0.03378022110069695,172
Jonathan David,Lille,Ligue 1,FW,FW,23,19.5,60000000,60.0,2023-06-27,FW,1.9943846153846154,0.03323974358974359,173
Gabriel Jesus,Arsenal,Premier League,FW,FW,25,13.5,75000000,75.0,2023-06-20,FW,2.26637037037037,0.030218271604938268,174
Jack Grealish,Manchester City,Premier League,FW,FW,27,11.6,75000000,75.0,2023-06-20,FW,2.1934137931034483,0.02924551724137931,175
Mohamed Salah,Liverpool,Premier League,FW,FW,30,19.7,65000000,65.0,2023-06-20,FW,1.8883299492385786,0.029051229988285823,176
Christopher Nkunku,RB Leipzig,Bundesliga,FWMF,FW,25,14.2,80000000,80.0,2023-06-22,FW,2.2890704225352114,0.028613380281690144,177
Raheem Sterling,Chelsea,Premier League,FWMF,FW,28,12.7,55000000,55.0,2023-06-20,FW,1.4999606299212598,0.027272011453113813,178
Brennan Johnson,Nott'ham Forest,Premier League,FW,FW,21,20.0,38000000,38.0,2023-06-20,FW,1.025,0.026973684210526313,179
Rodrygo,Real Madrid,La Liga,FW,FW,22,13.2,100000000,100.0,2023-06-13,FW,2.6430303030303035,0.026430303030303037,180
Darwin Núñez,Liverpool,Premier League,FW,FW,23,11.0,65000000,65.0,2023-06-20,FW,1.6335454545454544,0.02513146853146853,181
Phil Foden,Manchester City,Premier League,FWDF,FW,22,11.6,110000000,110.0,2023-06-20,FW,2.755448275862069,0.025049529780564263,182
Rafael Leão,Milan,Serie A,FWMF,FW,23,16.9,90000000,90.0,2023-06-15,FW,2.250372781065088,0.025004142011834315,183
Lautaro Martínez,Inter,Serie A,FW,FW,25,18.6,85000000,85.0,2023-06-15,FW,1.9811612903225806,0.023307779886148006,184
Anthony Gordon,Everton,Premier League,FW,FW,21,12.2,35000000,35.0,2023-06-20,FW,0.8129016393442623,0.02322576112412178,185
Harry Kane,Tottenham,Premier League,FW,FW,29,22.8,90000000,90.0,2023-06-20,FW,2.084614035087719,0.023162378167641325,186
Bukayo Saka,Arsenal,Premier League,FW,FW,21,20.0,120000000,120.0,2023-06-20,FW,2.59,0.021583333333333333,187
Marcus Rashford,Manchester Utd,Premier League,FW,FW,25,19.9,80000000,80.0,2023-06-20,FW,1.7007638190954775,0.021259547738693468,188
Kai Havertz,Chelsea,Premier League,FWMF,FW,23,17.7,55000000,55.0,2023-06-20,FW,1.0214858757062146,0.01857247046738572,189
Victor Osimhen,Napoli,Serie A,FW,FW,24,15.6,120000000,120.0,2023-06-15,FW,2.1166410256410257,0.017638675213675216,190
Federico Valverde,Real Madrid,La Liga,FWMF,FW,24,17.0,100000000,100.0,2023-06-13,FW,1.739941176470588,0.017399411764705882,191
Kylian Mbappé,Paris S-G,Ligue 1,FW,FW,24,16.3,180000000,180.0,2023-06-27,FW,2.395546012269939,0.013308588957055216,192
Erling Haaland,Manchester City,Premier League,FW,FW,22,18.2,180000000,180.0,2023-06-20,FW,2.3326263736263733,0.012959035409035407,193
Mathieu Coutadeur,Ajaccio,Ligue 1,MF,MF,36,10.9,200000,0.2,2023-06-27,MF,13.712,68.55999999999999,1
Fabinho,Liverpool,Premier League,MF,MF,29,13.9,200000,0.2,2023-06-09,MF,11.155000000000001,55.775000000000006,2
Jorginho,Chelsea,Premier League,MF,MF,31,14.2,400000,0.4,2023-06-06,MF,13.26,33.15,3
Riad Nouri,Ajaccio,Ligue 1,MF,MF,37,13.5,200000,0.2,2023-06-27,MF,5.300999999999999,26.504999999999995,4
Johan Gastien,Clermont Foot,Ligue 1,MF,MF,35,17.4,700000,0.7,2023-06-27,MF,15.661000000000001,22.372857142857146,5
Tomás Rincón,Sampdoria,Serie A,MF,MF,35,14.7,800000,0.8,2023-06-15,MF,11.384,14.23,6
Christian Groß,Werder Bremen,Bundesliga,MF,MF,34,13.3,500000,0.5,2023-06-22,MF,6.993,13.986,7
Mathias Autret,Auxerre,Ligue 1,MFFW,MF,31,13.2,800000,0.8,2023-06-27,MF,11.007000000000001,13.758750000000001,8
Anthony Losilla,Bochum,Bundesliga,MF,MF,36,19.7,500000,0.5,2023-06-22,MF,6.498,12.996,9
Gary Medel,Bologna,Serie A,MFDF,MF,35,14.1,800000,0.8,2023-06-15,MF,8.189,10.23625,10
João Moutinho,Wolves,Premier League,MF,MF,36,15.5,1500000,1.5,2023-06-15,MF,14.648999999999997,9.765999999999998,11
Florian Tardieu,Troyes,Ligue 1,MF,MF,30,11.2,2000000,2.0,2023-06-27,MF,15.65,7.825,12
Cyrille Bayala,Ajaccio,Ligue 1,MF,MF,26,14.1,900000,0.9,2023-06-27,MF,6.9319999999999995,7.702222222222222,13
Hamza Sakhi,Auxerre,Ligue 1,MF,MF,26,17.4,2000000,2.0,2023-06-27,MF,14.606,7.303,14
Mehdi Bourabia,Spezia,Serie A,MF,MF,31,18.5,1300000,1.3,2023-06-15,MF,9.046,6.958461538461537,15
Lassine Sinayoko,Auxerre,Ligue 1,MFFW,MF,23,13.2,1200000,1.2,2023-06-27,MF,7.6690000000000005,6.390833333333334,16
Dani Rodríguez,Mallorca,La Liga,MF,MF,34,13.0,1200000,1.2,2023-06-13,MF,7.218,6.015000000000001,17
Xavier Chavalerin,Troyes,Ligue 1,MF,MF,31,15.0,1500000,1.5,2023-06-27,MF,8.289,5.526,18
Roque Mesa,Valladolid,La Liga,MF,MF,33,11.9,2500000,2.5,2023-06-13,MF,13.786,5.5144,19
Kevin Stöger,Bochum,Bundesliga,MF,MF,29,17.2,3000000,3.0,2023-06-22,MF,14.694999999999999,4.8983333333333325,20
Brecht Dejaegere,Toulouse,Ligue 1,MF,MF,31,13.3,1800000,1.8,2023-06-27,MF,8.651,4.806111111111111,21
Birama Touré,Auxerre,Ligue 1,MF,MF,30,21.8,1800000,1.8,2023-06-27,MF,8.154,4.53,22
Fernando,Sevilla,La Liga,MFDF,MF,35,10.8,2100000,2.1,2023-06-08,MF,9.43,4.4904761904761905,23
Hugo Magnetti,Brest,Ligue 1,MF,MF,24,10.6,2000000,2.0,2023-06-27,MF,8.942,4.471,24
Vincent Marchetti,Ajaccio,Ligue 1,MF,MF,25,18.4,2500000,2.5,2023-06-27,MF,11.049000000000001,4.419600000000001,25
Álvaro Aguado,Valladolid,La Liga,MF,MF,26,12.6,3000000,3.0,2023-06-13,MF,13.257000000000001,4.4190000000000005,26
Rayan Raveloson,Auxerre,Ligue 1,MFDF,MF,26,11.2,1800000,1.8,2023-06-27,MF,7.952999999999999,4.418333333333333,27
Julien Ponceau,Lorient,Ligue 1,MF,MF,22,12.6,2500000,2.5,2023-06-27,MF,10.816000000000003,4.326400000000001,28
Batista Mendy,Angers,Ligue 1,MFDF,MF,23,18.0,3000000,3.0,2023-06-27,MF,12.281,4.093666666666667,29
Rubén Alcaraz,Cádiz,La Liga,MF,MF,31,11.2,2000000,2.0,2023-06-13,MF,8.184,4.092,30
Abdelhamid Sabiri,Sampdoria,Serie A,MFFW,MF,26,10.2,2500000,2.5,2023-06-15,MF,9.733,3.8932,31
Yohann Magnin,Clermont Foot,Ligue 1,MFDF,MF,25,18.5,2500000,2.5,2023-06-27,MF,9.579,3.8316000000000003,32
Óscar Trejo,Rayo Vallecano,La Liga,MFFW,MF,34,13.4,3000000,3.0,2023-06-13,MF,11.227000000000002,3.742333333333334,33
Étienne Capoue,Villarreal,La Liga,MF,MF,34,13.0,3000000,3.0,2023-06-13,MF,11.142,3.714,34
Alexis Blin,Lecce,Serie A,MFDF,MF,26,13.9,2500000,2.5,2023-06-15,MF,9.064,3.6256,35
Rémy Cabella,Lille,Ligue 1,MFFW,MF,32,13.3,5000000,5.0,2023-06-27,MF,17.944,3.5888,36
Giacomo Bonaventura,Fiorentina,Serie A,MF,MF,33,14.8,2500000,2.5,2023-06-15,MF,8.878,3.5512,37
Iñigo Ruiz de Galarreta,Mallorca,La Liga,MF,MF,29,14.5,3000000,3.0,2023-06-13,MF,10.579,3.5263333333333335,38
Moussa Sissoko,Nantes,Ligue 1,MF,MF,33,12.7,2500000,2.5,2023-06-27,MF,8.785,3.5140000000000002,39
David Silva,Real Sociedad,La Liga,MF,MF,37,12.4,4000000,4.0,2023-06-13,MF,14.043999999999999,3.5109999999999997,40
Saîf-Eddine Khaoui,Clermont Foot,Ligue 1,MFFW,MF,27,15.8,2000000,2.0,2023-06-27,MF,7.002999999999999,3.5014999999999996,41
Sergio Busquets,Barcelona,La Liga,MF,MF,34,14.5,5000000,5.0,2023-06-13,MF,17.326999999999998,3.4654,42
Laurent Abergel,Lorient,Ligue 1,MF,MF,30,12.9,3000000,3.0,2023-06-27,MF,10.364,3.4546666666666668,43
Haris Belkebla,Brest,Ligue 1,MF,MF,29,16.6,3000000,3.0,2023-06-27,MF,10.247,3.4156666666666666,44
Pathé Ciss,Rayo Vallecano,La Liga,MFDF,MF,28,10.2,3000000,3.0,2023-06-13,MF,9.933,3.311,45
Florian Sotoca,Lens,Ligue 1,MFFW,MF,32,19.9,4000000,4.0,2023-06-27,MF,12.845,3.21125,46
Dominik Kohr,Mainz 05,Bundesliga,MF,MF,29,15.7,3500000,3.5,2023-06-22,MF,11.222000000000001,3.206285714285715,47
Luis Milla,Getafe,La Liga,MF,MF,28,12.9,4000000,4.0,2023-06-13,MF,12.64,3.16,48
Bonke Innocent,Lorient,Ligue 1,MF,MF,27,10.2,2000000,2.0,2023-06-27,MF,6.253,3.1265,49
Nicolas Höfler,Freiburg,Bundesliga,MF,MF,32,18.4,2500000,2.5,2023-06-22,MF,7.645,3.058,50
Omar Mascarell,Elche,La Liga,MF,MF,30,17.2,3000000,3.0,2023-06-13,MF,9.022,3.0073333333333334,51
Pierre Lees-Melou,Brest,Ligue 1,MF,MF,29,15.7,4000000,4.0,2023-06-27,MF,11.956,2.989,52
Christoph Kramer,M'Gladbach,Bundesliga,MF,MF,31,16.2,2500000,2.5,2023-06-22,MF,7.1129999999999995,2.8451999999999997,53
Rominigue Kouamé,Troyes,Ligue 1,MF,MF,26,18.9,4500000,4.5,2023-06-27,MF,12.638,2.8084444444444445,54
Gerard Gumbau,Elche,La Liga,MF,MF,28,14.0,3500000,3.5,2023-06-13,MF,9.693999999999999,2.7697142857142856,55
Pedro Chirivella,Nantes,Ligue 1,MF,MF,25,17.7,6000000,6.0,2023-06-27,MF,16.483,2.7471666666666668,56
Flavien Tait,Rennes,Ligue 1,MF,MF,30,15.1,6000000,6.0,2023-06-27,MF,16.450000000000003,2.741666666666667,57
Mathias Pereira Lage,Brest,Ligue 1,MFFW,MF,26,12.0,2000000,2.0,2023-06-27,MF,5.477,2.7385,58
Jordan Ferri,Montpellier,Ligue 1,MF,MF,30,16.8,5000000,5.0,2023-06-27,MF,13.678,2.7356000000000003,59
Ilia Gruev,Werder Bremen,Bundesliga,MF,MF,22,10.7,3000000,3.0,2023-06-22,MF,8.038,2.6793333333333336,60
Óscar Valentín,Rayo Vallecano,La Liga,MF,MF,28,13.6,5000000,5.0,2023-06-13,MF,13.338999999999999,2.6677999999999997,61
Kevin Agudelo,Spezia,Serie A,MFFW,MF,24,16.0,3000000,3.0,2023-06-15,MF,7.99,2.6633333333333336,62
Mikel Vesga,Athletic Club,La Liga,MF,MF,29,16.5,6000000,6.0,2023-06-13,MF,15.914,2.6523333333333334,63
Mahdi Camara,Brest,Ligue 1,MF,MF,24,12.8,3000000,3.0,2023-06-27,MF,7.8,2.6,64
Gonzalo Melero,Almería,La Liga,MF,MF,29,12.0,4000000,4.0,2023-06-13,MF,10.125,2.53125,65
Charles Pickel,Cremonese,Serie A,MF,MF,25,15.5,3800000,3.8,2023-06-15,MF,9.561,2.5160526315789475,66
Kike Pérez,Valladolid,La Liga,MF,MF,25,14.9,4500000,4.5,2023-06-13,MF,10.850000000000001,2.4111111111111114,67
Edu Expósito,Espanyol,La Liga,MF,MF,26,10.3,4000000,4.0,2023-06-13,MF,9.467,2.36675,68
Karol Linetty,Torino,Serie A,MF,MF,28,13.8,3500000,3.5,2023-06-15,MF,8.282,2.366285714285714,69
Stefano Sensi,Monza,Serie A,MF,MF,27,10.7,8000000,8.0,2023-06-15,MF,18.512,2.314,70
Fede San Emeterio,Cádiz,La Liga,MF,MF,25,10.8,2000000,2.0,2023-06-13,MF,4.596,2.298,71
Stijn Spierings,Toulouse,Ligue 1,MF,MF,26,22.0,6000000,6.0,2023-06-27,MF,13.659,2.2765,72
Soualiho Meïté,Cremonese,Serie A,MF,MF,28,12.7,3500000,3.5,2023-06-15,MF,7.960999999999999,2.2745714285714285,73
Matías Vecino,Lazio,Serie A,MF,MF,31,10.8,4500000,4.5,2023-06-15,MF,10.211,2.269111111111111,74
Atakan Karazor,Stuttgart,Bundesliga,MF,MF,26,10.3,4000000,4.0,2023-06-22,MF,8.907,2.22675,75
Florian Kainz,Köln,Bundesliga,MFFW,MF,30,14.5,5000000,5.0,2023-06-22,MF,11.123999999999999,2.2247999999999997,76
Brian Ocampo,Cádiz,La Liga,MFFW,MF,23,11.8,2000000,2.0,2023-06-13,MF,4.445,2.2225,77
Aaron Ramsey,Nice,Ligue 1,MF,MF,32,11.3,5000000,5.0,2023-06-01,MF,11.107000000000001,2.2214,78
Romano Schmid,Werder Bremen,Bundesliga,MF,MF,23,10.5,4500000,4.5,2023-06-22,MF,9.974,2.2164444444444444,79
Filippo Bandinelli,Empoli,Serie A,MF,MF,27,16.7,3500000,3.5,2023-06-15,MF,7.721,2.206,80
Franco Cervi,Celta Vigo,La Liga,MF,MF,28,14.6,3000000,3.0,2023-06-13,MF,6.6129999999999995,2.204333333333333,81
Nabil Bentaleb,Angers,Ligue 1,MF,MF,28,16.9,7000000,7.0,2023-06-27,MF,15.171,2.1672857142857143,82
Samuel Moutoussamy,Nantes,Ligue 1,MF,MF,26,12.9,5000000,5.0,2023-06-27,MF,10.834,2.1668,83
Benjamin André,Lille,Ligue 1,MF,MF,32,19.5,9000000,9.0,2023-06-27,MF,19.496,2.1662222222222223,84
Iddrisu Baba,Mallorca,La Liga,MF,MF,27,11.1,3000000,3.0,2023-06-13,MF,6.138000000000001,2.0460000000000003,85
Álex Fernández,Cádiz,La Liga,MFFW,MF,30,13.6,4000000,4.0,2023-06-13,MF,8.131,2.03275,86
Toni Kroos,Real Madrid,La Liga,MF,MF,33,13.5,15000000,15.0,2023-06-13,MF,30.273,2.0181999999999998,87
Carlos Gruezo,Augsburg,Bundesliga,MF,MF,27,10.7,3000000,3.0,2023-03-31,MF,5.964,1.9880000000000002,88
Mehdi Léris,Sampdoria,Serie A,MFDF,MF,24,15.1,2500000,2.5,2023-06-15,MF,4.9590000000000005,1.9836000000000003,89
Rony Lopes,Troyes,Ligue 1,MFFW,MF,27,13.8,4000000,4.0,2023-06-27,MF,7.765,1.94125,90
Oriol Romeu,Girona,La Liga,MF,MF,31,17.0,5000000,5.0,2023-06-13,MF,9.381,1.8762,91
Tonny Vilhena,Salernitana,Serie A,MF,MF,28,15.7,3800000,3.8,2023-06-15,MF,7.127000000000001,1.875526315789474,92
Kerem Demirbay,Leverkusen,Bundesliga,MF,MF,29,10.0,6000000,6.0,2023-06-22,MF,10.93,1.8216666666666665,93
Théo Le Bris,Lorient,Ligue 1,MFDF,MF,20,10.6,3000000,3.0,2023-06-27,MF,5.463,1.821,94
Azor Matusiwa,Reims,Ligue 1,MF,MF,24,14.8,7500000,7.5,2023-06-27,MF,13.491000000000001,1.7988000000000002,95
Henrikh Mkhitaryan,Inter,Serie A,MF,MF,34,12.8,6000000,6.0,2023-06-15,MF,10.725999999999999,1.7876666666666665,96
Suat Serdar,Hertha BSC,Bundesliga,MF,MF,25,14.0,4500000,4.5,2023-06-22,MF,7.877,1.7504444444444445,97
Joan Jordán,Sevilla,La Liga,MF,MF,28,13.0,9000000,9.0,2023-06-13,MF,15.721000000000002,1.746777777777778,98
Monchu,Valladolid,La Liga,MF,MF,23,11.1,5000000,5.0,2023-06-13,MF,8.703,1.7406,99
Santi Comesaña,Rayo Vallecano,La Liga,MF,MF,26,12.4,7500000,7.5,2023-06-13,MF,12.984999999999998,1.731333333333333,100
Jordan Henderson,Liverpool,Premier League,MF,MF,32,10.2,10000000,10.0,2023-06-20,MF,17.052,1.7052,101
Iker Muniain,Athletic Club,La Liga,MF,MF,30,12.3,9000000,9.0,2023-06-13,MF,15.239,1.6932222222222224,102
Corentin Tolisso,Lyon,Ligue 1,MF,MF,28,10.3,14000000,14.0,2023-06-27,MF,23.328000000000003,1.6662857142857146,103
Branco van den Boomen,Toulouse,Ligue 1,MF,MF,27,21.4,12000000,12.0,2023-06-27,MF,19.962999999999997,1.6635833333333332,104
Pablo Rosario,Nice,Ligue 1,MFDF,MF,26,10.9,6000000,6.0,2023-06-27,MF,9.911,1.6518333333333333,105
Walace,Udinese,Serie A,MF,MF,27,20.1,7000000,7.0,2023-06-15,MF,11.383,1.6261428571428571,106
Téji Savanier,Montpellier,Ligue 1,MF,MF,31,17.3,10000000,10.0,2023-06-27,MF,16.242,1.6242,107
Pascal Groß,Brighton,Premier League,MFDF,MF,31,20.2,8000000,8.0,2023-06-20,MF,12.749,1.593625,108
Lassana Coulibaly,Salernitana,Serie A,MF,MF,26,17.5,5000000,5.0,2023-06-15,MF,7.74,1.548,109
Rolando Mandragora,Fiorentina,Serie A,MF,MF,25,10.2,10000000,10.0,2023-06-15,MF,15.443999999999999,1.5444,110
Wataru Endo,Stuttgart,Bundesliga,MF,MF,30,18.5,6500000,6.5,2023-06-22,MF,9.896999999999998,1.5226153846153845,111
Marc Roca,Leeds United,Premier League,MF,MF,26,16.2,10000000,10.0,2023-06-20,MF,15.031999999999998,1.5031999999999999,112
Lucas Robertone,Almería,La Liga,MF,MF,25,16.5,7000000,7.0,2023-06-13,MF,10.030000000000001,1.432857142857143,113
Yannick Gerhardt,Wolfsburg,Bundesliga,MF,MF,28,10.8,6000000,6.0,2023-06-22,MF,8.472999999999999,1.4121666666666666,114
Moi Gómez,Osasuna,La Liga,MFFW,MF,28,18.2,10000000,10.0,2023-06-13,MF,13.990000000000002,1.3990000000000002,115
Aleix García,Girona,La Liga,MF,MF,25,20.3,10000000,10.0,2023-06-13,MF,13.843000000000002,1.3843,116
Dennis Geiger,Hoffenheim,Bundesliga,MF,MF,24,13.1,8000000,8.0,2023-06-22,MF,11.071,1.383875,117
Óliver Torres,Sevilla,La Liga,MFFW,MF,28,15.6,9000000,9.0,2023-06-13,MF,12.364,1.3737777777777778,118
Johann Lepenant,Lyon,Ligue 1,MF,MF,20,13.3,10000000,10.0,2023-06-27,MF,13.460999999999999,1.3460999999999999,119
Adrien Thomasson,Strasbourg,Ligue 1,MF,MF,29,10.4,6000000,6.0,2023-06-27,MF,8.066999999999998,1.3444999999999998,120
Azzedine Ounahi,Angers,Ligue 1,MFFW,MF,22,12.5,12000000,12.0,2023-06-27,MF,14.136,1.178,121
Thiago Alcántara,Liverpool,Premier League,MF,MF,31,12.8,15000000,15.0,2023-06-20,MF,17.617,1.1744666666666668,122
Jean-Ricner Bellegarde,Strasbourg,Ligue 1,MF,MF,24,17.7,10000000,10.0,2023-06-27,MF,11.655999999999999,1.1656,123
Maxime Lopez,Sassuolo,Serie A,MF,MF,25,12.4,15000000,15.0,2023-06-15,MF,17.093999999999998,1.1396,124
Jordan Veretout,Marseille,Ligue 1,MF,MF,29,16.8,16000000,16.0,2023-06-27,MF,18.098,1.131125,125
Jon Moncayola,Osasuna,La Liga,MFFW,MF,24,13.6,12000000,12.0,2023-06-13,MF,12.709,1.0590833333333334,126
Joris Chotard,Montpellier,Ligue 1,MF,MF,21,14.2,9000000,9.0,2023-06-27,MF,9.322000000000001,1.035777777777778,127
Arne Maier,Augsburg,Bundesliga,MF,MF,24,10.3,6500000,6.5,2023-06-22,MF,6.577,1.0118461538461538,128
Alex Král,Schalke 04,Bundesliga,MF,MF,24,12.2,7000000,7.0,2023-06-22,MF,7.071000000000001,1.0101428571428572,129
Jeffrey Schlupp,Crystal Palace,Premier League,MF,MF,30,18.1,7000000,7.0,2023-06-20,MF,6.8660000000000005,0.980857142857143,130
Simone Bastoni,Spezia,Serie A,MFDF,MF,26,10.5,6500000,6.5,2023-06-15,MF,6.351999999999999,0.9772307692307691,131
William Carvalho,Betis,La Liga,MF,MF,30,15.0,14000000,14.0,2023-06-13,MF,13.533000000000001,0.9666428571428572,132
Tom Krauß,Schalke 04,Bundesliga,MF,MF,21,18.2,7000000,7.0,2023-06-22,MF,6.703000000000001,0.9575714285714287,133
Marten de Roon,Atalanta,Serie A,MF,MF,31,17.9,10000000,10.0,2023-06-15,MF,9.489,0.9489000000000001,134
Luis Alberto,Lazio,Serie A,MF,MF,30,11.7,18000000,18.0,2023-06-15,MF,16.979,0.9432777777777778,135
Lucas Torró,Osasuna,La Liga,MF,MF,28,16.7,8000000,8.0,2023-06-13,MF,7.540000000000001,0.9425000000000001,136
Danilo Cataldi,Lazio,Serie A,MF,MF,28,15.5,10000000,10.0,2023-06-15,MF,9.336,0.9336,137
Hugo Guillamón,Valencia,La Liga,MF,MF,23,12.7,14000000,14.0,2023-06-13,MF,12.428999999999998,0.8877857142857142,138
Carles Aleñá,Getafe,La Liga,MF,MF,25,16.2,9000000,9.0,2023-06-13,MF,7.8870000000000005,0.8763333333333334,139
Matteo Pessina,Monza,Serie A,MF,MF,25,17.0,15000000,15.0,2023-06-15,MF,13.097000000000001,0.8731333333333334,140
Janik Haberer,Union Berlin,Bundesliga,MF,MF,28,13.9,7000000,7.0,2023-06-22,MF,5.978000000000001,0.8540000000000001,141
Benjamin Bourigeaud,Rennes,Ligue 1,MFFW,MF,29,18.9,18000000,18.0,2023-06-27,MF,15.202,0.8445555555555555,142
Jerdy Schouten,Bologna,Serie A,MF,MF,26,12.9,12000000,12.0,2023-06-15,MF,9.984,0.832,143
Lucas Tousart,Hertha BSC,Bundesliga,MF,MF,25,17.7,9000000,9.0,2023-06-22,MF,7.478,0.8308888888888889,144
Sergi Darder,Espanyol,La Liga,MF,MF,29,19.7,16000000,16.0,2023-06-13,MF,13.190999999999999,0.8244374999999999,145
Robert Andrich,Leverkusen,Bundesliga,MF,MF,28,15.7,11000000,11.0,2023-06-22,MF,9.052000000000001,0.822909090909091,146
Maximilian Eggestein,Freiburg,Bundesliga,MF,MF,26,15.5,10000000,10.0,2023-06-22,MF,8.172,0.8172,147
Nedim Bajrami,Empoli,Serie A,MFFW,MF,23,10.5,7500000,7.5,2023-06-15,MF,6.068999999999999,0.8091999999999999,148
Antonín Barák,Fiorentina,Serie A,MF,MF,28,11.1,10000000,10.0,2023-06-15,MF,8.036999999999999,0.8036999999999999,149
Ellyes Skhiri,Köln,Bundesliga,MF,MF,27,17.7,13000000,13.0,2023-06-22,MF,10.286,0.7912307692307692,150
Marshall Munetsi,Reims,Ligue 1,MF,MF,26,16.0,9000000,9.0,2023-06-27,MF,7.06,0.7844444444444444,151
Ryan Christie,Bournemouth,Premier League,MFFW,MF,27,11.5,10000000,10.0,2023-06-20,MF,7.7829999999999995,0.7783,152
Salih Özcan,Dortmund,Bundesliga,MF,MF,25,13.1,13000000,13.0,2023-06-22,MF,9.951,0.7654615384615385,153
Mario Götze,Eint Frankfurt,Bundesliga,MF,MF,30,17.8,12000000,12.0,2023-06-22,MF,9.132,0.761,154
Lewis Cook,Bournemouth,Premier League,MF,MF,26,16.5,10000000,10.0,2023-06-20,MF,7.5840000000000005,0.7584000000000001,155
Angel Gomes,Lille,Ligue 1,MF,MF,22,18.6,16000000,16.0,2023-06-27,MF,12.122,0.757625,156
Gianluca Caprari,Monza,Serie A,MFFW,MF,29,14.7,8000000,8.0,2023-06-15,MF,6.01,0.75125,157
Enzo Le Fée,Lorient,Ligue 1,MF,MF,23,21.4,20000000,20.0,2023-06-27,MF,14.924,0.7462,158
Remo Freuler,Nott'ham Forest,Premier League,MF,MF,30,16.2,8000000,8.0,2023-06-20,MF,5.895,0.736875,159
Naouirou Ahamada,Stuttgart,Bundesliga,MF,MF,20,15.5,10000000,10.0,2023-06-20,MF,7.249,0.7249,160
Koke,Atlético Madrid,La Liga,MF,MF,31,12.5,16000000,16.0,2023-06-13,MF,11.48,0.7175,161
Morten Hjulmand,Lecce,Serie A,MF,MF,23,19.0,15000000,15.0,2023-06-15,MF,10.674999999999999,0.7116666666666666,162
Salis Abdul Samed,Lens,Ligue 1,MF,MF,22,20.0,18000000,18.0,2023-06-27,MF,12.6,0.7,163
Grischa Prömel,Hoffenheim,Bundesliga,MF,MF,28,11.9,7000000,7.0,2023-06-22,MF,4.873,0.6961428571428572,164
Maximilian Arnold,Wolfsburg,Bundesliga,MF,MF,28,19.2,14000000,14.0,2023-06-22,MF,9.729,0.6949285714285713,165
Mitchel Bakker,Leverkusen,Bundesliga,MFDF,MF,22,10.8,9000000,9.0,2023-06-22,MF,6.231999999999999,0.6924444444444444,166
Maxence Caqueret,Lyon,Ligue 1,MF,MF,22,16.3,25000000,25.0,2023-06-27,MF,17.186999999999998,0.6874799999999999,167
Fran Beltrán,Celta Vigo,La Liga,MF,MF,24,17.9,15000000,15.0,2023-06-13,MF,10.287999999999998,0.6858666666666665,168
Nicolás Domínguez,Bologna,Serie A,MF,MF,24,14.8,17000000,17.0,2023-06-15,MF,11.264,0.6625882352941176,169
Eric Martel,Köln,Bundesliga,MF,MF,20,11.4,9000000,9.0,2023-06-22,MF,5.941000000000001,0.6601111111111112,170
Geoffrey Kondogbia,Atlético Madrid,La Liga,MF,MF,29,10.7,14000000,14.0,2023-06-13,MF,9.236,0.6597142857142858,171
Tyler Adams,Leeds United,Premier League,MF,MF,23,19.0,18000000,18.0,2023-06-20,MF,11.868,0.6593333333333333,172
Valentin Rongier,Marseille,Ligue 1,MF,MF,28,19.7,22000000,22.0,2023-06-27,MF,14.196,0.6452727272727272,173
Anton Stach,Mainz 05,Bundesliga,MF,MF,24,13.4,15000000,15.0,2023-06-22,MF,9.64,0.6426666666666667,174
Granit Xhaka,Arsenal,Premier League,MF,MF,30,19.8,20000000,20.0,2023-06-20,MF,12.829,0.6414500000000001,175
Youri Tielemans,Leicester City,Premier League,MF,MF,25,18.3,25000000,25.0,2023-06-20,MF,16.014,0.64056,176
Sofyan Amrabat,Fiorentina,Serie A,MF,MF,26,12.9,30000000,30.0,2023-06-15,MF,18.677000000000003,0.6225666666666668,177
Brahim Díaz,Milan,Serie A,MF,MF,23,11.5,20000000,20.0,2023-06-15,MF,12.18,0.609,178
Christian Eriksen,Manchester Utd,Premier League,MF,MF,30,16.5,22000000,22.0,2023-06-20,MF,13.242999999999999,0.6019545454545454,179
Julian Weigl,M'Gladbach,Bundesliga,MF,MF,27,13.7,10000000,10.0,2023-06-22,MF,5.983,0.5982999999999999,180
Lionel Messi,Paris S-G,Ligue 1,MFFW,MF,35,17.5,35000000,35.0,2023-06-27,MF,20.802,0.5943428571428572,181
Bryan Cristante,Roma,Serie A,MF,MF,27,20.4,20000000,20.0,2023-06-15,MF,11.695,0.58475,182
Rodrigo Riquelme,Girona,La Liga,MFFW,MF,22,14.1,12000000,12.0,2023-06-13,MF,6.775999999999999,0.5646666666666665,183
Marco Verratti,Paris S-G,Ligue 1,MF,MF,30,13.8,40000000,40.0,2023-06-27,MF,22.560999999999996,0.5640249999999999,184
Mattéo Guendouzi,Marseille,Ligue 1,MF,MF,23,16.2,25000000,25.0,2023-06-27,MF,14.033000000000001,0.56132,185
Christian Nørgaard,Brentford,Premier League,MF,MF,28,10.7,16000000,16.0,2023-06-20,MF,8.846,0.552875,186
Rani Khedira,Union Berlin,Bundesliga,MF,MF,29,18.5,10000000,10.0,2023-06-22,MF,5.4030000000000005,0.5403,187
Djibril Sow,Eint Frankfurt,Bundesliga,MF,MF,26,17.0,22000000,22.0,2023-06-22,MF,11.766,0.5348181818181819,188
Samuele Ricci,Torino,Serie A,MF,MF,21,13.3,20000000,20.0,2023-06-15,MF,10.5,0.525,189
Joe Aribo,Southampton,Premier League,MFFW,MF,26,12.2,11000000,11.0,2023-06-20,MF,5.677,0.516090909090909,190
Youssouf Fofana,Monaco,Ligue 1,MF,MF,24,20.4,25000000,25.0,2023-06-27,MF,12.833999999999998,0.5133599999999999,191
Krépin Diatta,Monaco,Ligue 1,MFFW,MF,23,14.9,15000000,15.0,2023-06-27,MF,7.691000000000001,0.5127333333333334,192
Thomas Partey,Arsenal,Premier League,MF,MF,29,17.1,35000000,35.0,2023-06-20,MF,17.598,0.5028,193
Mohamed Elyounoussi,Southampton,Premier League,MFFW,MF,28,15.6,9000000,9.0,2023-06-20,MF,4.473999999999999,0.49711111111111106,194
Ludovic Blas,Nantes,Ligue 1,MFFW,MF,25,18.5,20000000,20.0,2023-06-27,MF,9.855,0.49275,195
Yunus Musah,Valencia,La Liga,MF,MF,20,15.5,18000000,18.0,2023-06-13,MF,8.753,0.4862777777777778,196
Lewis Ferguson,Bologna,Serie A,MF,MF,23,11.2,12000000,12.0,2023-06-15,MF,5.834,0.48616666666666664,197
Kiernan Dewsbury-Hall,Leicester City,Premier League,MF,MF,24,17.1,25000000,25.0,2023-06-20,MF,11.829,0.47316,198
Ruben Loftus-Cheek,Chelsea,Premier League,MFDF,MF,27,11.5,25000000,25.0,2023-06-20,MF,11.817,0.47268,199
Josh Dasilva,Brentford,Premier League,MF,MF,24,11.1,16000000,16.0,2023-06-20,MF,7.38,0.46125,200
Daichi Kamada,Eint Frankfurt,Bundesliga,MFFW,MF,26,13.3,27000000,27.0,2023-06-22,MF,12.444,0.4608888888888889,201
Aimar Oroz,Osasuna,La Liga,MFFW,MF,21,10.8,15000000,15.0,2023-06-13,MF,6.861,0.4574,202
Andreas Pereira,Fulham,Premier League,MF,MF,27,21.2,18000000,18.0,2023-06-20,MF,8.19,0.45499999999999996,203
Xaver Schlager,RB Leipzig,Bundesliga,MF,MF,25,14.0,22000000,22.0,2023-06-22,MF,9.839,0.44722727272727275,204
Mathias Jensen,Brentford,Premier League,MF,MF,27,18.6,22000000,22.0,2023-06-20,MF,9.691,0.44050000000000006,205
Teun Koopmeiners,Atalanta,Serie A,MF,MF,24,20.4,30000000,30.0,2023-06-15,MF,12.881,0.4293666666666667,206
Brais Méndez,Real Sociedad,La Liga,MF,MF,26,16.1,25000000,25.0,2023-06-13,MF,10.638000000000002,0.42552000000000006,207
Ryan Yates,Nott'ham Forest,Premier League,MF,MF,25,15.5,11000000,11.0,2023-06-20,MF,4.624999999999999,0.42045454545454536,208
Mohamed Camara,Monaco,Ligue 1,MF,MF,23,15.4,30000000,30.0,2023-06-27,MF,12.043000000000003,0.4014333333333334,209
Mattias Svanberg,Wolfsburg,Bundesliga,MF,MF,24,11.2,18000000,18.0,2023-06-22,MF,7.033,0.39072222222222225,210
John McGinn,Aston Villa,Premier League,MF,MF,28,13.6,27000000,27.0,2023-06-20,MF,10.502999999999998,0.38899999999999996,211
Manuel Locatelli,Juventus,Serie A,MF,MF,25,15.6,30000000,30.0,2023-06-15,MF,11.661,0.3887,212
Cengiz Ünder,Marseille,Ligue 1,MFDF,MF,25,13.8,20000000,20.0,2023-06-27,MF,7.542,0.3771,213
Vitaly Janelt,Brentford,Premier League,MFDF,MF,24,15.8,20000000,20.0,2023-06-20,MF,7.337,0.36685,214
Jefferson Lerma,Bournemouth,Premier League,MFDF,MF,28,21.9,20000000,20.0,2023-06-20,MF,7.246,0.3623,215
Harrison Reed,Fulham,Premier League,MF,MF,28,20.2,18000000,18.0,2023-06-20,MF,6.49,0.3605555555555556,216
Alex Iwobi,Everton,Premier League,MF,MF,26,20.8,28000000,28.0,2023-06-20,MF,10.07,0.35964285714285715,217
Harvey Elliott,Liverpool,Premier League,MFFW,MF,19,12.6,35000000,35.0,2023-06-20,MF,12.578999999999999,0.35939999999999994,218
Ismaël Bennacer,Milan,Serie A,MF,MF,25,15.7,40000000,40.0,2023-06-15,MF,14.328999999999999,0.35822499999999996,219
Wilfred Ndidi,Leicester City,Premier League,MFDF,MF,26,10.0,25000000,25.0,2023-06-20,MF,8.93,0.35719999999999996,220
Seko Fofana,Lens,Ligue 1,MF,MF,27,19.4,32000000,32.0,2023-06-27,MF,11.372,0.355375,221
Sean Longstaff,Newcastle Utd,Premier League,MF,MF,25,18.7,25000000,25.0,2023-06-20,MF,8.771,0.35084000000000004,222
Éderson,Atalanta,Serie A,MFFW,MF,23,12.0,20000000,20.0,2023-06-15,MF,7.011,0.35055000000000003,223
Casemiro,Manchester Utd,Premier League,MF,MF,30,13.7,40000000,40.0,2023-06-20,MF,13.912,0.3478,224
Weston McKennie,Juventus,Serie A,MFDF,MF,24,11.7,18000000,18.0,2023-06-20,MF,6.252999999999999,0.34738888888888886,225
Boubacar Kamara,Aston Villa,Premier League,MF,MF,23,13.3,30000000,30.0,2023-06-20,MF,10.190999999999999,0.33969999999999995,226
Vitinha,Paris S-G,Ligue 1,MF,MF,22,15.3,42000000,42.0,2023-06-27,MF,14.219999999999999,0.3385714285714285,227
Aleksandr Golovin,Monaco,Ligue 1,MFFW,MF,26,17.5,28000000,28.0,2023-06-27,MF,9.343,0.33367857142857144,228
Rúben Neves,Wolves,Premier League,MF,MF,25,21.0,40000000,40.0,2023-06-20,MF,13.274000000000001,0.33185000000000003,229
Neymar,Paris S-G,Ligue 1,MFFW,MF,31,16.6,60000000,60.0,2023-06-27,MF,19.811999999999998,0.33019999999999994,230
Davide Frattesi,Sassuolo,Serie A,MF,MF,23,19.2,25000000,25.0,2023-06-15,MF,8.233999999999998,0.32935999999999993,231
Christoph Baumgartner,Hoffenheim,Bundesliga,MFFW,MF,23,17.8,24000000,24.0,2023-06-22,MF,7.763999999999999,0.32349999999999995,232
Guido Rodríguez,Betis,La Liga,MF,MF,28,16.4,28000000,28.0,2023-06-13,MF,8.972,0.3204285714285714,233
Stanislav Lobotka,Napoli,Serie A,MF,MF,28,19.4,40000000,40.0,2023-06-15,MF,12.494,0.31235,234
James Ward-Prowse,Southampton,Premier League,MF,MF,28,22.0,38000000,38.0,2023-06-20,MF,11.744,0.30905263157894736,235
Oihan Sancet,Athletic Club,La Liga,MF,MF,22,15.7,30000000,30.0,2023-06-13,MF,9.251000000000001,0.30836666666666673,236
Mikel Merino,Real Sociedad,La Liga,MF,MF,26,14.3,50000000,50.0,2023-06-13,MF,14.96,0.2992,237
Joshua Kimmich,Bayern Munich,Bundesliga,MF,MF,28,17.8,75000000,75.0,2023-06-22,MF,22.228,0.2963733333333334,238
Cheick Doucouré,Crystal Palace,Premier League,MF,MF,23,18.3,35000000,35.0,2023-06-20,MF,10.282000000000002,0.2937714285714286,239
Marcus Tavernier,Bournemouth,Premier League,MFFW,MF,23,14.6,17000000,17.0,2023-06-20,MF,4.925,0.28970588235294115,240
Paulo Dybala,Roma,Serie A,MFFW,MF,29,13.1,30000000,30.0,2023-06-15,MF,8.633000000000001,0.28776666666666667,241
Martín Zubimendi,Real Sociedad,La Liga,MF,MF,24,17.8,40000000,40.0,2023-06-13,MF,11.473,0.286825,242
Brenden Aaronson,Leeds United,Premier League,MFFW,MF,22,17.7,25000000,25.0,2023-06-20,MF,6.506,0.26024,243
Lucas Paquetá,West Ham,Premier League,MF,MF,25,12.0,45000000,45.0,2023-06-20,MF,11.62,0.2582222222222222,244
Adrien Rabiot,Juventus,Serie A,MF,MF,27,15.5,40000000,40.0,2023-06-15,MF,9.834,0.24584999999999999,245
Philip Billing,Bournemouth,Premier League,MFFW,MF,26,17.3,20000000,20.0,2023-06-20,MF,4.802,0.24009999999999998,246
Marcos Llorente,Atlético Madrid,La Liga,MFDF,MF,28,11.3,35000000,35.0,2023-06-13,MF,8.350999999999999,0.23859999999999998,247
Michael Olise,Crystal Palace,Premier League,MFFW,MF,21,15.3,38000000,38.0,2023-06-20,MF,9.061,0.23844736842105263,248
Lorenzo Pellegrini,Roma,Serie A,MF,MF,26,17.9,35000000,35.0,2023-06-15,MF,8.329,0.23797142857142858,249
Leon Goretzka,Bayern Munich,Bundesliga,MF,MF,28,11.3,45000000,45.0,2023-06-22,MF,10.578,0.23506666666666665,250
Frenkie de Jong,Barcelona,La Liga,MF,MF,25,14.5,75000000,75.0,2023-06-13,MF,17.557,0.23409333333333332,251
Dominik Szoboszlai,RB Leipzig,Bundesliga,MFFW,MF,22,15.0,50000000,50.0,2023-06-22,MF,11.576999999999998,0.23153999999999997,252
Rodrigo Bentancur,Tottenham,Premier League,MF,MF,25,16.7,40000000,40.0,2023-06-20,MF,9.23,0.23075,253
Douglas Luiz,Aston Villa,Premier League,MF,MF,24,15.9,40000000,40.0,2023-06-20,MF,9.184999999999999,0.22962499999999997,254
Kevin De Bruyne,Manchester City,Premier League,MF,MF,31,17.8,70000000,70.0,2023-06-20,MF,16.034,0.22905714285714285,255
James Maddison,Leicester City,Premier League,MFFW,MF,26,14.1,60000000,60.0,2023-06-20,MF,13.438999999999998,0.2239833333333333,256
Joe Willock,Newcastle Utd,Premier League,MF,MF,23,17.8,38000000,38.0,2023-06-20,MF,8.444,0.2222105263157895,257
Rodri,Manchester City,Premier League,MF,MF,26,19.3,90000000,90.0,2023-06-20,MF,19.900000000000002,0.22111111111111115,258
Joelinton,Newcastle Utd,Premier League,MFFW,MF,26,18.8,42000000,42.0,2023-06-20,MF,8.946,0.213,259
Jacob Ramsey,Aston Villa,Premier League,MF,MF,21,13.7,42000000,42.0,2023-06-20,MF,8.919,0.21235714285714286,260
Julian Brandt,Dortmund,Bundesliga,MFFW,MF,26,16.6,40000000,40.0,2023-06-22,MF,8.406,0.21015,261
Morgan Gibbs-White,Nott'ham Forest,Premier League,MFFW,MF,23,17.3,40000000,40.0,2023-06-20,MF,8.376000000000001,0.20940000000000003,262
Eberechi Eze,Crystal Palace,Premier League,MFFW,MF,24,17.2,40000000,40.0,2023-06-20,MF,8.371,0.20927500000000002,263
Eduardo Camavinga,Real Madrid,La Liga,MFDF,MF,20,10.2,85000000,85.0,2023-06-13,MF,17.017,0.2002,264
João Palhinha,Fulham,Premier League,MF,MF,27,21.7,40000000,40.0,2023-06-20,MF,7.944,0.1986,265
Bruno Guimarães,Newcastle Utd,Premier League,MF,MF,25,15.5,70000000,70.0,2023-06-20,MF,13.591000000000001,0.19415714285714286,266
Sandro Tonali,Milan,Serie A,MF,MF,22,17.4,50000000,50.0,2023-06-15,MF,9.697000000000001,0.19394000000000003,267
Declan Rice,West Ham,Premier League,MF,MF,24,22.0,90000000,90.0,2023-06-20,MF,15.872,0.17635555555555554,268
Pedri,Barcelona,La Liga,MFFW,MF,20,17.1,100000000,100.0,2023-06-13,MF,17.07,0.1707,269
Moisés Caicedo,Brighton,Premier League,MF,MF,21,19.2,75000000,75.0,2023-06-20,MF,12.788,0.17050666666666667,270
Alexis Mac Allister,Brighton,Premier League,MF,MF,24,17.2,65000000,65.0,2023-06-20,MF,11.009999999999998,0.16938461538461536,271
Matheus Nunes,Wolves,Premier League,MF,MF,24,15.6,45000000,45.0,2023-06-20,MF,7.567,0.16815555555555556,272
Mason Mount,Chelsea,Premier League,MFFW,MF,24,17.1,60000000,60.0,2023-06-20,MF,9.97,0.16616666666666668,273
Bruno Fernandes,Manchester Utd,Premier League,MFFW,MF,28,21.0,75000000,75.0,2023-06-20,MF,12.343,0.16457333333333332,274
Amadou Onana,Everton,Premier League,MF,MF,21,16.5,45000000,45.0,2023-06-20,MF,7.295000000000001,0.16211111111111112,275
Aurélien Tchouaméni,Real Madrid,La Liga,MF,MF,23,11.8,85000000,85.0,2023-06-13,MF,13.734,0.1615764705882353,276
Leroy Sané,Bayern Munich,Bundesliga,MFFW,MF,27,13.6,65000000,65.0,2023-06-22,MF,10.294,0.1583692307692308,277
Nicolò Barella,Inter,Serie A,MF,MF,26,17.9,75000000,75.0,2023-06-15,MF,11.798,0.15730666666666668,278
Martin Ødegaard,Arsenal,Premier League,MF,MF,24,18.7,90000000,90.0,2023-06-20,MF,13.100000000000001,0.14555555555555558,279
Jesper Lindstrøm,Eint Frankfurt,Bundesliga,MFFW,MF,22,13.4,28000000,28.0,2023-06-22,MF,4.032,0.144,280
Jude Bellingham,Dortmund,Bundesliga,MF,MF,19,18.8,120000000,120.0,2023-06-22,MF,17.056,0.14213333333333333,281
Harvey Barnes,Leicester City,Premier League,MFFW,MF,25,18.8,35000000,35.0,2023-06-20,MF,4.375,0.125,282
Bernardo Silva,Manchester City,Premier League,MFFW,MF,28,15.7,80000000,80.0,2023-06-20,MF,9.972000000000001,0.12465000000000001,283
Dejan Kulusevski,Tottenham,Premier League,MFFW,MF,22,12.6,50000000,50.0,2023-06-20,MF,5.7509999999999994,0.11501999999999998,284
Gavi,Barcelona,La Liga,MFFW,MF,18,14.1,90000000,90.0,2023-06-13,MF,9.732,0.10813333333333333,285
Jamal Musiala,Bayern Munich,Bundesliga,MFFW,MF,19,15.1,110000000,110.0,2023-06-22,MF,9.081999999999999,0.08256363636363635,286
